Time (s),Shift (nm)
0.0,0.0
0.1999999999999886,-0.0003420000000002
0.4000000000000341,0.0011409999999996
0.6000000000000227,0.0015679999999997
0.8000000000000114,0.0004369999999997
1.0,-0.0008130000000003
1.1999999999999886,0.000877
1.400000000000034,0.0035539999999998
1.6000000000000227,0.0069689999999997
1.8000000000000114,0.0124159999999999
2.0,0.0179119999999999
2.1999999999999886,0.0205099999999998
2.400000000000034,0.0223559999999998
2.6000000000000227,0.0224309999999996
2.800000000000012,0.0217639999999996
3.0,0.0218539999999998
3.1999999999999886,0.0234429999999998
3.400000000000034,0.0236139999999998
3.6000000000000227,0.0216569999999998
3.8000000000000114,0.0205499999999996
4.0,0.0198279999999999
4.199999999999989,0.0192109999999998
4.400000000000034,0.0189369999999997
4.600000000000023,0.0218609999999999
4.800000000000011,0.0255529999999999
5.0,0.0274639999999997
5.199999999999989,0.0290809999999996
5.400000000000034,0.0313629999999998
5.600000000000023,0.0345999999999997
5.800000000000011,0.0377769999999997
6.0,0.0412949999999998
6.199999999999989,0.0433879999999997
6.400000000000034,0.0441059999999997
6.600000000000023,0.0436469999999999
6.800000000000011,0.0422199999999999
7.0,0.0404449999999996
7.199999999999989,0.0389659999999998
7.400000000000034,0.0389559999999997
7.600000000000023,0.0406509999999999
7.800000000000011,0.0422469999999997
8.0,0.0463819999999999
8.199999999999989,0.0510789999999996
8.400000000000034,0.0537539999999996
8.600000000000023,0.0553209999999997
8.800000000000011,0.0565419999999998
9.0,0.0569839999999999
9.199999999999989,0.0544949999999997
9.400000000000034,0.0545249999999999
9.600000000000025,0.0551919999999999
9.800000000000011,0.0567669999999997
10.0,0.0564009999999997
10.199999999999989,0.058138
10.400000000000034,0.0595759999999998
10.600000000000025,0.0602619999999998
10.800000000000011,0.0603049999999996
11.0,0.0634239999999999
11.199999999999989,0.068241
11.400000000000034,0.069674
11.600000000000025,0.0708979999999996
11.800000000000011,0.0701289999999996
12.0,0.0684499999999999
12.199999999999989,0.0662339999999996
12.400000000000034,0.0684259999999996
12.600000000000025,0.0693279999999996
12.800000000000011,0.0705099999999996
13.0,0.0719459999999996
13.199999999999989,0.072419
13.400000000000034,0.0706189999999997
13.600000000000025,0.0715679999999996
13.800000000000011,0.0751969999999997
14.0,0.0769449999999998
14.199999999999989,0.078894
14.400000000000034,0.0782009999999999
14.600000000000025,0.0777999999999998
14.800000000000011,0.0768179999999998
15.0,0.0795309999999998
15.199999999999989,0.0826069999999998
15.400000000000034,0.0883709999999999
15.600000000000025,0.0923989999999999
15.800000000000011,0.0959649999999996
16.0,0.0950809999999999
16.19999999999999,0.0939429999999998
16.400000000000034,0.0924149999999999
16.600000000000023,0.0915399999999997
16.80000000000001,0.0934339999999998
17.0,0.095723
17.19999999999999,0.0973859999999997
17.400000000000034,0.0986309999999996
17.600000000000023,0.0984849999999997
17.80000000000001,0.0952769999999998
18.0,0.0941779999999998
18.19999999999999,0.0937259999999997
18.400000000000038,0.0945359999999997
18.600000000000023,0.0958729999999996
18.80000000000001,0.0970609999999996
19.0,0.0973059999999996
19.19999999999999,0.0982769999999999
19.400000000000038,0.0991839999999997
19.600000000000023,0.0995939999999997
19.80000000000001,0.1028169999999999
20.0,0.1048099999999996
20.19999999999999,0.1054319999999999
20.400000000000038,0.1042049999999998
20.600000000000023,0.1041859999999998
20.80000000000001,0.101858
21.0,0.1023289999999996
21.19999999999999,0.1059269999999998
21.400000000000038,0.1107709999999997
21.600000000000023,0.1142149999999997
21.80000000000001,0.1156249999999996
22.0,0.1135439999999996
22.19999999999999,0.1074959999999998
22.400000000000038,0.102055
22.600000000000023,0.1011699999999997
22.80000000000001,0.1035559999999997
23.0,0.1067429999999998
23.19999999999999,0.1105679999999997
23.400000000000038,0.1152509999999997
23.600000000000023,0.1166599999999999
23.80000000000001,0.1155509999999999
24.0,0.1168269999999997
24.19999999999999,0.1171139999999999
24.400000000000038,0.1178499999999997
24.600000000000023,0.1190539999999997
24.80000000000001,0.1208929999999997
25.0,0.1211379999999997
25.19999999999999,0.123977
25.400000000000038,0.1239459999999996
25.600000000000023,0.1229049999999998
25.80000000000001,0.1213439999999996
26.0,0.1218219999999998
26.19999999999999,0.1210969999999997
26.400000000000038,0.1215899999999998
26.600000000000023,0.1231329999999997
26.80000000000001,0.1267649999999998
27.0,0.1292739999999996
27.19999999999999,0.1308599999999997
27.400000000000038,0.1320919999999996
27.600000000000023,0.1333639999999998
27.80000000000001,0.1348669999999998
28.0,0.134741
28.19999999999999,0.1353309999999998
28.400000000000038,0.1368679999999997
28.600000000000023,0.1379249999999996
28.80000000000001,0.1382139999999996
29.0,0.1407829999999998
29.19999999999999,0.1420239999999997
29.400000000000038,0.1422309999999997
29.600000000000023,0.1405979999999997
29.80000000000001,0.136409
30.0,0.1323599999999998
30.19999999999999,0.1329499999999996
30.400000000000038,0.1328129999999996
30.600000000000023,0.1316729999999997
30.80000000000001,0.1329739999999999
31.0,0.1344369999999997
31.19999999999999,0.1342489999999996
31.400000000000038,0.1341779999999999
31.600000000000023,0.1370329999999997
31.80000000000001,0.1391599999999999
32.0,0.140501
32.19999999999999,0.1393369999999998
32.400000000000034,0.1400479999999997
32.60000000000002,0.1390069999999998
32.80000000000001,0.1382609999999999
33.0,0.137877
33.19999999999999,0.1392279999999996
33.400000000000034,0.1397589999999997
33.60000000000002,0.1418109999999997
33.80000000000001,0.1453609999999998
34.0,0.1479309999999998
34.19999999999999,0.1495059999999997
34.400000000000034,0.152301
34.60000000000002,0.154112
34.80000000000001,0.1553499999999998
35.0,0.1553329999999997
35.19999999999999,0.1570009999999997
35.400000000000034,0.1589559999999998
35.60000000000002,0.1603099999999999
35.80000000000001,0.1596549999999998
36.0,0.1603409999999998
36.19999999999999,0.1616419999999996
36.400000000000034,0.1613419999999998
36.60000000000002,0.161486
36.80000000000001,0.161076
37.0,0.1609809999999996
37.19999999999999,0.1626419999999999
37.400000000000034,0.1639269999999997
37.60000000000002,0.1667619999999998
37.80000000000001,0.1698559999999997
38.0,0.1706629999999998
38.19999999999999,0.1694199999999996
38.400000000000034,0.1705179999999999
38.60000000000002,0.1713639999999996
38.80000000000001,0.1722899999999998
39.0,0.173632
39.19999999999999,0.1735659999999996
39.400000000000034,0.1730989999999996
39.60000000000002,0.1734719999999998
39.80000000000001,0.1738879999999998
40.0,0.1769269999999996
40.19999999999999,0.1791699999999996
40.400000000000034,0.1789669999999996
40.60000000000002,0.1775479999999998
40.80000000000001,0.1788289999999999
41.0,0.1772039999999997
41.19999999999999,0.1727629999999997
41.400000000000034,0.168787
41.60000000000002,0.1659079999999999
41.80000000000001,0.1620349999999999
42.0,0.1601339999999997
42.19999999999999,0.1627619999999998
42.400000000000034,0.1676469999999996
42.60000000000002,0.1698529999999998
42.80000000000001,0.1709399999999998
43.0,0.1720959999999998
43.19999999999999,0.172536
43.400000000000034,0.1725109999999996
43.60000000000002,0.1740939999999997
43.80000000000001,0.1752169999999999
44.0,0.1774529999999998
44.19999999999999,0.1794849999999996
44.400000000000034,0.1809459999999996
44.60000000000002,0.1799029999999999
44.80000000000001,0.1790439999999997
45.0,0.1779429999999999
45.19999999999999,0.1788079999999996
45.400000000000034,0.1805209999999997
45.60000000000002,0.1845469999999998
45.80000000000001,0.1894459999999997
46.0,0.1929209999999996
46.19999999999999,0.1932429999999998
46.400000000000034,0.1902459999999997
46.60000000000002,0.1892049999999998
46.80000000000001,0.1882309999999996
47.0,0.186585
47.19999999999999,0.1856909999999998
47.400000000000034,0.1871829999999996
47.60000000000002,0.1868489999999996
47.80000000000001,0.1868769999999999
48.0,0.187821
48.19999999999999,0.1876099999999998
48.400000000000034,0.1883459999999996
48.60000000000002,0.1887569999999998
48.80000000000001,0.1884789999999996
49.0,0.1867169999999998
49.19999999999999,0.1881179999999997
49.400000000000034,0.190547
49.60000000000002,0.1947169999999998
49.80000000000001,0.196666
50.0,0.1994199999999999
50.19999999999999,0.2011449999999999
50.400000000000034,0.2003219999999999
50.60000000000002,0.1963239999999997
50.80000000000001,0.1947559999999999
51.0,0.1925639999999999
51.19999999999999,0.1901239999999999
51.400000000000034,0.1885969999999996
51.60000000000002,0.1903399999999999
51.80000000000001,0.1939799999999998
52.0,0.1970869999999998
52.19999999999999,0.1996349999999997
52.400000000000034,0.2004799999999997
52.60000000000002,0.1991419999999997
52.80000000000001,0.1972499999999999
53.0,0.1963929999999996
53.19999999999999,0.1976489999999997
53.400000000000034,0.201225
53.60000000000002,0.2047889999999999
53.80000000000001,0.2047179999999997
54.0,0.2030739999999999
54.19999999999999,0.1995859999999996
54.400000000000034,0.1941839999999999
54.60000000000002,0.1918289999999998
54.80000000000001,0.1942589999999997
55.0,0.2004299999999998
55.19999999999999,0.2055499999999996
55.400000000000034,0.2117199999999997
55.60000000000002,0.2151489999999998
55.80000000000001,0.2159379999999999
56.0,0.21414
56.19999999999999,0.2134359999999997
56.400000000000034,0.2119929999999996
56.60000000000002,0.2111499999999999
56.80000000000001,0.2098829999999996
57.0,0.2098539999999999
57.19999999999999,0.2107139999999998
57.400000000000034,0.2107019999999999
57.60000000000002,0.2106539999999999
57.80000000000001,0.2113199999999997
58.0,0.2111699999999996
58.19999999999999,0.2109079999999998
58.400000000000034,0.2120199999999998
58.60000000000002,0.2126649999999998
58.80000000000001,0.2125469999999998
59.0,0.2129729999999998
59.19999999999999,0.2112069999999999
59.400000000000034,0.2082069999999998
59.60000000000002,0.2069479999999997
59.80000000000001,0.2070149999999997
60.0,0.2069559999999999
60.19999999999999,0.2087499999999997
60.400000000000034,0.2119599999999999
60.60000000000002,0.2150229999999999
60.80000000000001,0.2166889999999997
61.0,0.2185669999999997
61.19999999999999,0.2211609999999999
61.400000000000034,0.2216579999999997
61.60000000000002,0.2215769999999999
61.80000000000001,0.2238739999999999
62.00000000000006,0.2246199999999998
62.19999999999999,0.2238519999999999
62.400000000000034,0.2224929999999996
62.599999999999966,0.2216839999999997
62.80000000000001,0.2200379999999997
63.00000000000006,0.2190929999999999
63.19999999999999,0.2196789999999997
63.400000000000034,0.2214519999999997
63.599999999999966,0.2213269999999996
63.80000000000001,0.2198649999999999
64.00000000000006,0.219392
64.19999999999999,0.2191369999999999
64.40000000000003,0.2201499999999998
64.59999999999997,0.2217909999999996
64.80000000000001,0.2234949999999997
65.00000000000006,0.2255219999999997
65.19999999999999,0.226353
65.40000000000003,0.2282659999999996
65.59999999999997,0.2289189999999998
65.80000000000001,0.2288439999999996
66.00000000000006,0.2277959999999996
66.19999999999999,0.2290229999999997
66.40000000000003,0.229174
66.59999999999997,0.2309669999999997
66.80000000000001,0.2324819999999996
67.00000000000006,0.2328459999999999
67.19999999999999,0.2300629999999999
67.40000000000003,0.2275279999999999
67.59999999999997,0.2277469999999999
67.80000000000001,0.2302009999999996
68.00000000000006,0.2330639999999997
68.19999999999999,0.2367129999999999
68.40000000000003,0.2395349999999996
68.59999999999997,0.238518
68.80000000000001,0.2384209999999997
69.00000000000006,0.2394859999999998
69.19999999999999,0.2414169999999997
69.40000000000003,0.244691
69.59999999999997,0.2463779999999999
69.80000000000001,0.2460589999999998
70.00000000000006,0.2461059999999997
70.19999999999999,0.2451939999999997
70.40000000000003,0.2402819999999996
70.59999999999997,0.2377219999999997
70.80000000000001,0.2386709999999996
71.00000000000006,0.2400409999999997
71.19999999999999,0.2413509999999998
71.40000000000003,0.243973
71.59999999999997,0.2472409999999998
71.80000000000001,0.2477529999999999
72.00000000000006,0.248418
72.19999999999999,0.2478829999999998
72.40000000000003,0.2479369999999998
72.59999999999997,0.2468129999999999
72.80000000000001,0.2442689999999996
73.00000000000006,0.2402869999999999
73.19999999999999,0.2367309999999998
73.40000000000003,0.2356259999999999
73.59999999999997,0.237009
73.80000000000001,0.2388439999999998
74.00000000000006,0.2405379999999999
74.19999999999999,0.242804
74.40000000000003,0.243919
74.59999999999997,0.2420189999999999
74.80000000000001,0.2417819999999997
75.00000000000006,0.2432759999999998
75.19999999999999,0.2427489999999998
75.40000000000003,0.2429179999999999
75.59999999999997,0.2459039999999999
75.80000000000001,0.2477839999999997
76.00000000000006,0.2499609999999998
76.19999999999999,0.2541789999999997
76.40000000000003,0.2574569999999996
76.59999999999997,0.2577399999999996
76.80000000000001,0.2570779999999999
77.00000000000006,0.2552539999999998
77.19999999999999,0.253533
77.40000000000003,0.2517999999999998
77.59999999999997,0.2524459999999999
77.80000000000001,0.2524079999999999
78.00000000000006,0.2525709999999996
78.19999999999999,0.2517449999999996
78.40000000000003,0.2515479999999996
78.59999999999997,0.2499879999999996
78.80000000000001,0.2499349999999998
79.00000000000006,0.2487539999999999
79.19999999999999,0.2494889999999996
79.40000000000003,0.2510099999999999
79.59999999999997,0.252348
79.80000000000001,0.2539259999999999
80.00000000000006,0.2554239999999996
80.19999999999999,0.2559039999999997
80.40000000000003,0.2540879999999998
80.59999999999997,0.2537979999999997
80.80000000000001,0.2548919999999999
81.00000000000006,0.2561099999999996
81.19999999999999,0.2584359999999996
81.40000000000003,0.2599229999999997
81.59999999999997,0.2606459999999999
81.80000000000001,0.2605429999999997
82.00000000000006,0.2606029999999997
82.19999999999999,0.2604169999999999
82.40000000000003,0.263655
82.59999999999997,0.2673409999999996
82.80000000000001,0.2694809999999998
83.00000000000006,0.27162
83.19999999999999,0.271315
83.40000000000003,0.2685749999999998
83.59999999999997,0.2657889999999998
83.80000000000001,0.2668039999999996
84.00000000000006,0.2688779999999999
84.19999999999999,0.2708009999999996
84.40000000000003,0.2711279999999996
84.59999999999997,0.271938
84.80000000000001,0.2714479999999999
85.00000000000006,0.2704199999999996
85.19999999999999,0.2707989999999998
85.40000000000003,0.2738099999999996
85.59999999999997,0.2735819999999997
85.80000000000001,0.2706569999999999
86.00000000000006,0.268154
86.19999999999999,0.2673539999999996
86.40000000000003,0.2656659999999999
86.59999999999997,0.2664819999999999
86.80000000000001,0.2689529999999998
87.00000000000006,0.2718809999999996
87.19999999999999,0.2735659999999997
87.40000000000003,0.2772999999999999
87.59999999999997,0.2772529999999999
87.80000000000001,0.2752269999999996
88.00000000000006,0.2735249999999998
88.19999999999999,0.2732809999999999
88.40000000000003,0.2710849999999998
88.59999999999997,0.2704809999999997
88.80000000000001,0.2718659999999997
89.00000000000006,0.2717229999999997
89.19999999999999,0.2703299999999999
89.40000000000003,0.2690209999999999
89.59999999999997,0.2712759999999998
89.80000000000001,0.2728849999999996
90.00000000000006,0.2749779999999999
90.2,0.2769079999999997
90.40000000000003,0.2791949999999996
90.59999999999997,0.2785549999999999
90.8,0.2784069999999996
91.00000000000006,0.2790169999999996
91.2,0.2797719999999999
91.40000000000003,0.2796389999999999
91.59999999999997,0.2798799999999999
91.8,0.2785099999999998
92.00000000000006,0.2754159999999999
92.2,0.2734019999999999
92.40000000000003,0.2740649999999998
92.59999999999997,0.2743789999999997
92.8,0.274092
93.00000000000006,0.275995
93.2,0.2788729999999999
93.40000000000003,0.2803709999999997
93.59999999999997,0.282324
93.8,0.2856899999999998
94.00000000000006,0.2871769999999998
94.2,0.2869289999999997
94.40000000000003,0.2872719999999997
94.59999999999997,0.2890849999999996
94.8,0.2911709999999998
95.00000000000006,0.2930289999999997
95.2,0.2916029999999998
95.40000000000003,0.2885119999999999
95.59999999999997,0.2830139999999996
95.8,0.2784109999999997
96.00000000000006,0.2747579999999998
96.2,0.276551
96.40000000000003,0.279633
96.59999999999997,0.2835899999999998
96.8,0.2858699999999996
97.00000000000006,0.2892909999999999
97.2,0.2893289999999999
97.40000000000003,0.2892249999999996
97.59999999999997,0.2890249999999996
97.8,0.2888579999999998
98.00000000000006,0.2887709999999996
98.2,0.2896509999999996
98.40000000000003,0.2906189999999999
98.59999999999997,0.293142
98.8,0.2962409999999997
99.00000000000006,0.2964949999999997
99.2,0.2946269999999997
99.40000000000003,0.2934109999999998
99.59999999999997,0.2923319999999996
99.8,0.2922239999999996
100.00000000000006,0.2914269999999996
100.2,0.2915249999999996
100.40000000000003,0.2912339999999997
100.59999999999997,0.2891739999999996
100.8,0.2882499999999997
101.00000000000006,0.2900039999999997
101.2,0.2908079999999997
101.40000000000003,0.2906969999999997
101.59999999999997,0.2919939999999998
101.8,0.2910399999999997
102.00000000000006,0.2896479999999997
102.2,0.2906169999999997
102.40000000000003,0.2928989999999998
102.59999999999997,0.2961789999999999
102.8,0.300338
103.00000000000006,0.3038909999999997
103.2,0.3051589999999997
103.40000000000003,0.3049869999999997
103.59999999999997,0.3021939999999996
103.8,0.2983389999999999
104.00000000000006,0.2965009999999997
104.2,0.2984059999999999
104.40000000000003,0.3007979999999999
104.59999999999997,0.3029089999999996
104.8,0.3056409999999996
105.00000000000006,0.3065469999999997
105.2,0.3060649999999998
105.40000000000003,0.3060119999999999
105.59999999999997,0.3057719999999997
105.8,0.3036329999999996
106.00000000000006,0.3012579999999998
106.2,0.3000219999999998
106.40000000000003,0.2984049999999998
106.59999999999997,0.2986019999999998
106.8,0.3016369999999999
107.00000000000006,0.305917
107.2,0.3073099999999997
107.40000000000003,0.3070579999999996
107.59999999999997,0.3064079999999998
107.8,0.305237
108.00000000000006,0.3038449999999999
108.2,0.3043749999999998
108.40000000000003,0.3085279999999999
108.59999999999997,0.3114689999999998
108.8,0.3136459999999998
109.00000000000006,0.3144469999999999
109.2,0.3144389999999997
109.40000000000003,0.3107579999999998
109.59999999999997,0.307617
109.8,0.3042859999999998
110.00000000000006,0.3033059999999996
110.2,0.3023589999999996
110.40000000000003,0.3033069999999997
110.59999999999997,0.3046869999999999
110.8,0.3084159999999998
111.00000000000006,0.3107019999999996
111.2,0.312192
111.40000000000003,0.3129139999999997
111.59999999999997,0.3135209999999997
111.8,0.3132659999999996
112.00000000000006,0.3115219999999996
112.2,0.3092209999999999
112.40000000000003,0.306594
112.59999999999997,0.305123
112.8,0.3044179999999996
113.00000000000006,0.3064819999999999
113.2,0.3081999999999998
113.40000000000003,0.3101779999999996
113.59999999999997,0.3116909999999997
113.8,0.3132639999999997
114.00000000000006,0.3146419999999996
114.2,0.316519
114.40000000000003,0.3177809999999996
114.59999999999997,0.3177889999999999
114.8,0.3184739999999997
115.00000000000006,0.3178639999999997
115.2,0.3179069999999999
115.40000000000003,0.3176129999999997
115.59999999999997,0.3177649999999996
115.8,0.3152129999999999
116.00000000000006,0.3141219999999998
116.2,0.3165359999999997
116.40000000000003,0.3184
116.59999999999997,0.3187869999999999
116.8,0.3168519999999999
117.00000000000006,0.3156869999999996
117.2,0.3128229999999998
117.40000000000003,0.3121619999999998
117.59999999999997,0.3135169999999996
117.8,0.3170069999999998
118.00000000000006,0.3194849999999998
118.2,0.3214909999999999
118.40000000000003,0.3238659999999997
118.59999999999997,0.3240409999999998
118.8,0.3256429999999999
119.00000000000006,0.3262469999999999
119.2,0.32382
119.40000000000003,0.318924
119.59999999999997,0.3175699999999999
119.8,0.3159329999999998
120.00000000000006,0.3164409999999997
120.2,0.318276
120.40000000000003,0.321647
120.59999999999997,0.3246549999999999
120.8,0.3261859999999998
121.00000000000006,0.32375
121.2,0.3217879999999997
121.40000000000003,0.319782
121.59999999999997,0.3187789999999997
121.8,0.3195439999999996
122.00000000000006,0.322908
122.2,0.3267329999999999
122.40000000000003,0.330403
122.59999999999997,0.3332539999999997
122.8,0.334209
123.00000000000006,0.334651
123.2,0.3343479999999998
123.40000000000003,0.3356379999999999
123.59999999999997,0.3355219999999996
123.8,0.3357209999999999
124.00000000000006,0.3348589999999998
124.2,0.3346959999999996
124.40000000000003,0.33263
124.59999999999997,0.3301689999999997
124.8,0.3287679999999997
125.00000000000006,0.3296009999999998
125.2,0.3306669999999996
125.40000000000003,0.3320669999999999
125.59999999999997,0.3330439999999997
125.8,0.3322389999999999
126.00000000000006,0.3309269999999999
126.2,0.3282639999999999
126.40000000000003,0.327302
126.59999999999997,0.3271889999999997
126.8,0.33006
127.00000000000006,0.331985
127.2,0.334098
127.40000000000003,0.3354539999999999
127.59999999999997,0.3360659999999997
127.8,0.3346409999999999
128.00000000000006,0.3332329999999999
128.2,0.3338959999999997
128.40000000000003,0.3346049999999998
128.59999999999997,0.3370069999999998
128.8,0.341078
129.00000000000006,0.3447829999999996
129.2,0.3452819999999996
129.40000000000003,0.3457719999999997
129.59999999999997,0.3449249999999999
129.8,0.3425169999999999
130.00000000000006,0.3400629999999998
130.2,0.3416399999999999
130.40000000000003,0.3406739999999999
130.59999999999997,0.3403049999999998
130.8,0.339699
131.00000000000006,0.3388619999999998
131.2,0.336125
131.40000000000003,0.3362229999999999
131.59999999999997,0.3367069999999996
131.8,0.3371049999999997
132.00000000000006,0.3381539999999998
132.2,0.3406579999999999
132.40000000000003,0.3436629999999998
132.59999999999997,0.3456769999999998
132.8,0.349291
133.00000000000006,0.3523489999999998
133.2,0.3529739999999997
133.40000000000003,0.3518099999999999
133.59999999999997,0.352465
133.8,0.3517419999999998
134.00000000000006,0.3492599999999997
134.2,0.3472239999999997
134.40000000000003,0.3469349999999997
134.59999999999997,0.3453429999999997
134.8,0.3447439999999999
135.00000000000006,0.3458719999999999
135.2,0.3460179999999999
135.40000000000003,0.3452769999999998
135.59999999999997,0.3467139999999999
135.8,0.348398
136.00000000000006,0.3493069999999996
136.2,0.3503069999999999
136.40000000000003,0.3497649999999996
136.59999999999997,0.3475899999999998
136.8,0.3456229999999998
137.00000000000006,0.3462539999999996
137.2,0.345847
137.40000000000003,0.3453049999999997
137.59999999999997,0.3450699999999997
137.8,0.345469
138.00000000000006,0.3448659999999997
138.2,0.3478999999999996
138.40000000000003,0.3533209999999998
138.59999999999997,0.3558919999999999
138.8,0.3552519999999997
139.00000000000006,0.3553999999999999
139.2,0.3554679999999997
139.40000000000003,0.3521919999999996
139.59999999999997,0.35033
139.8,0.3509509999999998
140.00000000000006,0.3523149999999999
140.2,0.351645
140.40000000000003,0.3530109999999999
140.59999999999997,0.355194
140.8,0.3563039999999997
141.00000000000006,0.3541209999999997
141.2,0.3536679999999998
141.40000000000003,0.3556089999999998
141.59999999999997,0.35805
141.8,0.3594699999999999
142.00000000000006,0.3628959999999996
142.2,0.3652799999999998
142.40000000000003,0.3653009999999996
142.59999999999997,0.3652849999999996
142.8,0.36524
143.00000000000006,0.3630269999999997
143.2,0.3608709999999999
143.40000000000003,0.3574459999999999
143.59999999999997,0.3554169999999996
143.8,0.3557559999999999
144.00000000000006,0.3599509999999997
144.2,0.3639509999999997
144.40000000000003,0.3679699999999997
144.59999999999997,0.3682149999999997
144.8,0.3671929999999999
145.00000000000006,0.3640619999999996
145.2,0.3609209999999998
145.40000000000003,0.359588
145.59999999999997,0.3604989999999999
145.8,0.3614229999999998
146.00000000000006,0.3615329999999996
146.2,0.3627729999999998
146.40000000000003,0.3617269999999997
146.59999999999997,0.3603929999999997
146.8,0.3580059999999996
147.00000000000006,0.3576789999999996
147.2,0.3561169999999998
147.40000000000003,0.3567659999999999
147.59999999999997,0.3565769999999997
147.8,0.3560519999999996
148.00000000000006,0.3566029999999998
148.2,0.3598529999999997
148.40000000000003,0.3624929999999997
148.59999999999997,0.3639509999999997
148.8,0.3657199999999996
149.00000000000006,0.3662689999999999
149.2,0.3661699999999999
149.40000000000003,0.3644419999999999
149.59999999999997,0.3652549999999999
149.8,0.3668459999999998
150.00000000000006,0.3690189999999997
150.2,0.3688279999999997
150.40000000000003,0.3710419999999996
150.59999999999997,0.3715419999999998
150.8,0.3728439999999997
151.00000000000006,0.3731229999999996
151.2,0.3734739999999998
151.40000000000003,0.3728639999999998
151.59999999999997,0.373027
151.8,0.3706699999999996
152.00000000000006,0.3684079999999996
152.2,0.3663619999999996
152.40000000000003,0.3670999999999997
152.59999999999997,0.3682269999999996
152.8,0.3702939999999999
153.00000000000006,0.3705369999999996
153.2,0.3746509999999996
153.40000000000003,0.3760799999999999
153.59999999999997,0.376363
153.8,0.3757789999999996
154.00000000000006,0.3771819999999999
154.2,0.3761989999999997
154.40000000000003,0.3741059999999998
154.59999999999997,0.3725349999999996
154.8,0.3733069999999996
155.00000000000006,0.3734349999999997
155.2,0.3721259999999997
155.40000000000003,0.3716029999999999
155.59999999999997,0.372992
155.8,0.3742779999999999
156.00000000000006,0.3764399999999996
156.2,0.3801899999999998
156.40000000000003,0.3832379999999999
156.59999999999997,0.3839289999999997
156.8,0.3832359999999997
157.00000000000006,0.3823379999999998
157.2,0.3794119999999998
157.40000000000003,0.3793899999999999
157.59999999999997,0.38083
157.8,0.3840749999999997
158.00000000000006,0.3840239999999997
158.2,0.3853559999999998
158.40000000000003,0.3849229999999997
158.59999999999997,0.3837109999999999
158.8,0.3820009999999998
159.00000000000006,0.3833339999999996
159.2,0.3857879999999998
159.40000000000003,0.3886769999999999
159.59999999999997,0.3919299999999999
159.8,0.3942999999999999
160.00000000000006,0.3956179999999998
160.2,0.3945259999999999
160.40000000000003,0.3914839999999997
160.59999999999997,0.3891449999999996
160.8,0.3886069999999999
161.00000000000006,0.388652
161.2,0.3895209999999998
161.40000000000003,0.3908819999999999
161.59999999999997,0.3933329999999997
161.8,0.394409
162.00000000000006,0.394927
162.2,0.3941469999999998
162.40000000000003,0.3946929999999997
162.59999999999997,0.393421
162.8,0.3918209999999997
163.00000000000006,0.3904549999999998
163.2,0.3898309999999996
163.40000000000003,0.3900399999999999
163.59999999999997,0.3888099999999999
163.8,0.3883649999999998
164.00000000000006,0.3886049999999996
164.2,0.3887149999999999
164.40000000000003,0.3887899999999997
164.59999999999997,0.3895229999999996
164.8,0.3912639999999996
165.00000000000006,0.3929699999999996
165.2,0.3947209999999996
165.40000000000003,0.395232
165.59999999999997,0.3952869999999997
165.8,0.396185
166.00000000000006,0.3954299999999997
166.2,0.3946189999999996
166.40000000000003,0.3944639999999997
166.59999999999997,0.3945789999999998
166.8,0.3914229999999996
167.00000000000006,0.3905179999999997
167.2,0.3914549999999996
167.40000000000003,0.3920619999999997
167.59999999999997,0.3925289999999997
167.8,0.3947819999999997
168.00000000000006,0.395289
168.2,0.3932499999999996
168.40000000000003,0.3920869999999996
168.59999999999997,0.3926949999999998
168.8,0.3948139999999998
169.00000000000006,0.3989339999999997
169.2,0.4051069999999996
169.40000000000003,0.4090249999999997
169.59999999999997,0.4123049999999999
169.8,0.41045
170.00000000000006,0.4055609999999996
170.2,0.4011339999999999
170.40000000000003,0.3994409999999999
170.59999999999997,0.397408
170.8,0.398123
171.00000000000006,0.3992709999999997
171.2,0.4000709999999996
171.40000000000003,0.4011239999999998
171.59999999999997,0.4011709999999997
171.8,0.4024639999999997
172.00000000000006,0.4041669999999997
172.2,0.4047459999999998
172.40000000000003,0.4053309999999999
172.59999999999997,0.4078619999999997
172.8,0.4059729999999999
173.00000000000006,0.406234
173.2,0.4078419999999996
173.40000000000003,0.4066879999999999
173.59999999999997,0.4036049999999997
173.8,0.4044329999999996
174.00000000000006,0.4027399999999996
174.2,0.4029549999999999
174.40000000000003,0.4047199999999997
174.59999999999997,0.4074269999999997
174.8,0.408687
175.00000000000006,0.4117539999999997
175.2,0.4118309999999998
175.40000000000003,0.4102179999999999
175.59999999999997,0.4061149999999998
175.8,0.4048029999999998
176.00000000000006,0.403365
176.2,0.4028549999999997
176.40000000000003,0.4038979999999998
176.59999999999997,0.4065459999999996
176.8,0.4065019999999997
177.00000000000006,0.4076409999999999
177.2,0.408004
177.40000000000003,0.4064069999999997
177.59999999999997,0.4055049999999998
177.8,0.4054509999999998
178.00000000000006,0.403699
178.2,0.4018979999999996
178.40000000000003,0.4003709999999998
178.59999999999997,0.4008619999999996
178.8,0.4021049999999997
179.00000000000006,0.4047589999999998
179.2,0.4066509999999996
179.40000000000003,0.4099779999999997
179.59999999999997,0.4124569999999998
179.8,0.4146899999999998
180.00000000000006,0.4167369999999999
180.2,0.4180839999999999
180.40000000000003,0.419079
180.6,0.4194879999999998
180.8,0.4210199999999999
181.00000000000009,0.4190939999999998
181.2,0.4184479999999997
181.40000000000003,0.4176279999999996
181.6,0.4169929999999997
181.8,0.412833
182.00000000000009,0.410469
182.2,0.4087779999999998
182.40000000000003,0.4073469999999997
182.6,0.4044979999999998
182.8,0.4052569999999997
183.00000000000009,0.4081839999999999
183.2,0.4109209999999996
183.40000000000003,0.4130179999999996
183.6,0.4164719999999997
183.8,0.418644
184.00000000000009,0.4188649999999998
184.2,0.4182049999999999
184.40000000000003,0.4170319999999998
184.6,0.4165599999999996
184.8,0.4183649999999996
185.00000000000009,0.4198969999999997
185.2,0.4202919999999999
185.40000000000003,0.420258
185.6,0.419311
185.8,0.4153569999999997
186.00000000000009,0.4128569999999998
186.2,0.4115449999999998
186.40000000000003,0.4119239999999999
186.6,0.4130819999999997
186.8,0.4170469999999997
187.00000000000009,0.4202309999999998
187.2,0.4254759999999997
187.40000000000003,0.4294379999999997
187.6,0.4311589999999996
187.8,0.4306239999999999
188.00000000000009,0.4304519999999998
188.2,0.4284689999999997
188.40000000000003,0.4258569999999997
188.6,0.4251209999999998
188.8,0.4261169999999996
189.00000000000009,0.426342
189.2,0.4267379999999998
189.40000000000003,0.4270179999999999
189.6,0.4290669999999998
189.8,0.4295759999999999
190.00000000000009,0.4302119999999996
190.2,0.4286189999999998
190.40000000000003,0.4290289999999999
190.6,0.4283159999999997
190.8,0.4275279999999997
191.00000000000009,0.4266259999999997
191.2,0.4304399999999999
191.40000000000003,0.4319699999999997
191.6,0.4319309999999996
191.8,0.4321509999999997
192.00000000000009,0.4330569999999998
192.2,0.4308449999999997
192.40000000000003,0.4303329999999996
192.6,0.4285229999999997
192.8,0.4271909999999996
193.00000000000009,0.4260309999999996
193.2,0.4259119999999998
193.40000000000003,0.4263059999999998
193.6,0.4293049999999998
193.8,0.4301859999999999
194.00000000000009,0.4296559999999996
194.2,0.430304
194.40000000000003,0.4315799999999998
194.6,0.4314939999999998
194.8,0.4324339999999997
195.00000000000009,0.4349609999999999
195.2,0.436458
195.40000000000003,0.4383979999999998
195.6,0.4408919999999998
195.8,0.4422169999999998
196.00000000000009,0.4423849999999998
196.2,0.4407019999999999
196.40000000000003,0.4368689999999997
196.6,0.4334599999999997
196.8,0.4331809999999998
197.00000000000009,0.4335579999999996
197.2,0.4356359999999997
197.40000000000003,0.4405079999999999
197.6,0.4442539999999999
197.8,0.447295
198.00000000000009,0.4486029999999998
198.2,0.4492239999999996
198.40000000000003,0.4472909999999999
198.6,0.4452789999999997
198.8,0.4412019999999996
199.00000000000009,0.4388779999999999
199.2,0.4387979999999998
199.40000000000003,0.4389969999999996
199.6,0.4390959999999997
199.8,0.4407229999999997
200.00000000000009,0.4408439999999998
200.2,0.437808
200.40000000000003,0.435292
200.6,0.4337429999999997
200.8,0.434536
201.00000000000009,0.435883
201.2,0.4390289999999996
201.40000000000003,0.4406629999999998
201.6,0.4423819999999998
201.8,0.4404309999999998
202.00000000000009,0.4397719999999996
202.2,0.4386219999999996
202.40000000000003,0.4400579999999996
202.6,0.4423469999999998
202.8,0.446701
203.00000000000009,0.4498299999999999
203.2,0.4527869999999998
203.40000000000003,0.4543579999999996
203.6,0.4528889999999999
203.8,0.4504349999999997
204.00000000000009,0.447546
204.2,0.4467859999999999
204.40000000000003,0.4473949999999997
204.6,0.4501329999999997
204.8,0.4501489999999997
205.00000000000009,0.4524559999999997
205.2,0.452715
205.40000000000003,0.4521919999999997
205.6,0.4505649999999996
205.8,0.4489859999999996
206.00000000000009,0.4456669999999998
206.2,0.4422009999999998
206.40000000000003,0.4412259999999999
206.6,0.4414499999999997
206.8,0.4440499999999998
207.00000000000009,0.4461819999999998
207.2,0.4483949999999996
207.40000000000003,0.4503339999999998
207.6,0.4529619999999998
207.8,0.4557479999999998
208.00000000000009,0.4580199999999998
208.2,0.4578629999999997
208.40000000000003,0.4554259999999996
208.6,0.4520239999999997
208.8,0.4501539999999999
209.00000000000009,0.4511229999999999
209.2,0.4532129999999998
209.40000000000003,0.45675
209.6,0.4587489999999996
209.8,0.4605139999999998
210.00000000000009,0.4593549999999999
210.2,0.4604209999999997
210.40000000000003,0.4587949999999998
210.6,0.459012
210.8,0.4595909999999996
211.00000000000009,0.4617759999999999
211.2,0.4627519999999996
211.40000000000003,0.4641739999999998
211.6,0.4652529999999997
211.8,0.4633629999999997
212.00000000000009,0.4610609999999999
212.2,0.459994
212.40000000000003,0.4598149999999998
212.6,0.4581819999999998
212.8,0.4576399999999996
213.00000000000009,0.4580249999999997
213.2,0.4578579999999999
213.40000000000003,0.4586649999999999
213.6,0.4599029999999997
213.8,0.462272
214.00000000000009,0.4621909999999998
214.2,0.4613369999999999
214.40000000000003,0.4590419999999997
214.6,0.4577569999999999
214.8,0.456013
215.00000000000009,0.456623
215.2,0.4567429999999999
215.40000000000003,0.4567579999999998
215.6,0.4570459999999996
215.8,0.4587499999999997
216.00000000000009,0.4593149999999997
216.2,0.4590309999999999
216.40000000000003,0.458485
216.6,0.4595179999999996
216.8,0.4595539999999998
217.00000000000009,0.4599599999999997
217.2,0.4622599999999996
217.40000000000003,0.4646439999999998
217.6,0.4667049999999997
217.8,0.4650849999999997
218.00000000000009,0.4651489999999998
218.2,0.4638449999999996
218.40000000000003,0.4645379999999997
218.6,0.4649399999999999
218.8,0.466882
219.00000000000009,0.4670219999999996
219.2,0.4673969999999996
219.40000000000003,0.4680709999999997
219.6,0.467228
219.8,0.4672509999999996
220.00000000000009,0.4691209999999999
220.2,0.4731699999999996
220.40000000000003,0.4753419999999999
220.6,0.4761999999999999
220.8,0.4772659999999997
221.00000000000009,0.4766679999999996
221.2,0.4748609999999997
221.40000000000003,0.4718939999999998
221.6,0.4698879999999996
221.8,0.4689029999999996
222.00000000000009,0.4708379999999996
222.2,0.472105
222.40000000000003,0.473503
222.6,0.4755059999999997
222.8,0.4769209999999999
223.00000000000009,0.4746399999999999
223.2,0.4739049999999998
223.40000000000003,0.4761069999999998
223.6,0.478243
223.8,0.4784729999999997
224.00000000000009,0.4784109999999999
224.2,0.4773379999999996
224.40000000000003,0.4741659999999998
224.6,0.4705209999999997
224.8,0.4672329999999998
225.00000000000009,0.4659639999999996
225.2,0.466761
225.40000000000003,0.4678779999999998
225.6,0.4703659999999998
225.8,0.4733889999999996
226.00000000000009,0.4745719999999997
226.2,0.4748579999999998
226.40000000000003,0.4778479999999998
226.6,0.4825369999999997
226.8,0.48488
227.00000000000009,0.4860839999999999
227.2,0.4871679999999996
227.40000000000003,0.4863549999999996
227.6,0.481738
227.8,0.4802269999999997
228.00000000000009,0.4800549999999997
228.2,0.4810159999999999
228.40000000000003,0.4808969999999997
228.6,0.4816799999999999
228.8,0.4817679999999997
229.00000000000009,0.4824389999999998
229.2,0.4795089999999997
229.40000000000003,0.4775579999999997
229.6,0.4770399999999997
229.8,0.4780489999999999
230.00000000000009,0.4790419999999997
230.2,0.4818059999999997
230.40000000000003,0.4849709999999998
230.6,0.4897829999999996
230.8,0.4907179999999997
231.00000000000009,0.490564
231.2,0.4880069999999996
231.40000000000003,0.4864619999999999
231.6,0.4826489999999999
231.8,0.4834229999999997
232.00000000000009,0.4851869999999998
232.2,0.4887279999999996
232.40000000000003,0.4908069999999997
232.6,0.4910889999999996
232.8,0.4883479999999998
233.00000000000009,0.4861999999999997
233.2,0.4861239999999998
233.40000000000003,0.4868209999999999
233.6,0.4873259999999999
233.8,0.4891839999999998
234.00000000000009,0.4910919999999996
234.2,0.4929919999999996
234.40000000000003,0.4924509999999999
234.6,0.4910059999999996
234.8,0.4892939999999997
235.00000000000009,0.487158
235.2,0.4847859999999997
235.40000000000003,0.4841549999999999
235.6,0.4837989999999998
235.8,0.4832379999999996
236.00000000000009,0.4831999999999996
236.2,0.4850729999999998
236.40000000000003,0.4874139999999998
236.6,0.4921309999999996
236.8,0.4959059999999997
237.00000000000009,0.4974019999999997
237.2,0.4981619999999997
237.40000000000003,0.4977339999999999
237.6,0.4984859999999997
237.8,0.5004979999999999
238.00000000000009,0.5029899999999996
238.2,0.5028329999999999
238.40000000000003,0.5016069999999999
238.6,0.4990699999999997
238.8,0.4966909999999997
239.00000000000009,0.4953069999999999
239.2,0.4937359999999997
239.40000000000003,0.494332
239.6,0.49471
239.8,0.4940449999999998
240.00000000000009,0.4929939999999999
240.2,0.4939929999999997
240.40000000000003,0.4939999999999998
240.6,0.4946279999999996
240.8,0.4969139999999998
241.00000000000009,0.4992829999999997
241.2,0.500451
241.40000000000003,0.5015379999999996
241.6,0.500759
241.8,0.499638
242.00000000000009,0.5007729999999997
242.2,0.5006379999999999
242.40000000000003,0.4992949999999996
242.6,0.5004959999999996
242.8,0.5016939999999996
243.00000000000009,0.5026699999999997
243.2,0.5044599999999999
243.40000000000003,0.5051759999999996
243.6,0.5049739999999998
243.8,0.5028059999999996
244.00000000000009,0.5013049999999999
244.2,0.4993799999999999
244.40000000000003,0.4989679999999996
244.6,0.4981329999999997
244.8,0.4970839999999996
245.00000000000009,0.4953849999999997
245.2,0.4952759999999996
245.40000000000003,0.4988189999999997
245.6,0.5018759999999998
245.8,0.5063789999999999
246.00000000000009,0.5079699999999998
246.2,0.5090109999999997
246.40000000000003,0.5064249999999997
246.6,0.5054759999999998
246.8,0.5035619999999996
247.00000000000009,0.5016399999999996
247.2,0.4999449999999998
247.40000000000003,0.4977
247.6,0.4959599999999997
247.8,0.4966109999999997
248.00000000000009,0.5019
248.2,0.5048089999999998
248.40000000000003,0.5085319999999998
248.6,0.5097459999999998
248.8,0.5087659999999996
249.00000000000009,0.506008
249.2,0.5050049999999997
249.40000000000003,0.5029429999999997
249.6,0.5020009999999999
249.8,0.5036839999999998
250.00000000000009,0.5053889999999996
250.2,0.5076459999999998
250.40000000000003,0.509871
250.6,0.5102579999999999
250.8,0.510605
251.00000000000009,0.509852
251.2,0.5076709999999998
251.40000000000003,0.5050689999999998
251.6,0.5034379999999996
251.8,0.5006759999999999
252.00000000000009,0.4993469999999997
252.2,0.4985649999999997
252.40000000000003,0.5009789999999996
252.6,0.5047569999999997
252.8,0.5086149999999998
253.00000000000009,0.5106159999999997
253.2,0.512238
253.40000000000003,0.5111699999999999
253.6,0.5092179999999997
253.8,0.5077409999999998
254.00000000000009,0.5050669999999999
254.2,0.5030409999999996
254.40000000000003,0.5030129999999997
254.6,0.5042949999999999
254.8,0.5063019999999998
255.00000000000009,0.5093259999999997
255.2,0.5110809999999999
255.40000000000003,0.513674
255.6,0.5179099999999996
255.8,0.5203119999999997
256.00000000000006,0.5211139999999999
256.2,0.5214269999999996
256.40000000000003,0.520003
256.6,0.5175489999999998
256.8,0.5167129999999998
257.00000000000006,0.5184319999999998
257.2,0.5202609999999996
257.40000000000003,0.521623
257.6,0.520848
257.8,0.519218
258.00000000000006,0.5164259999999996
258.2,0.5130529999999998
258.40000000000003,0.5112799999999997
258.6,0.5111339999999998
258.8,0.5114879999999999
259.00000000000006,0.51288
259.2,0.5149389999999996
259.40000000000003,0.5158519999999998
259.6,0.5173189999999996
259.8,0.5154969999999999
260.00000000000006,0.51363
260.2,0.5129259999999998
260.40000000000003,0.5150589999999999
260.6,0.5154529999999999
260.8,0.5171229999999998
261.00000000000006,0.5190669999999997
261.2,0.5234809999999999
261.40000000000003,0.5244399999999998
261.6,0.5247039999999998
261.8,0.524969
262.00000000000006,0.5245569999999997
262.2,0.5210199999999996
262.40000000000003,0.518281
262.6,0.5182499999999997
262.8,0.5198009999999997
263.00000000000006,0.5215159999999996
263.2,0.5249649999999999
263.40000000000003,0.5285959999999998
263.6,0.5311909999999997
263.8,0.5328369999999998
264.00000000000006,0.5351629999999998
264.2,0.5370649999999997
264.40000000000003,0.5379489999999998
264.6,0.5367689999999996
264.8,0.5352819999999996
265.00000000000006,0.5330029999999999
265.2,0.5324019999999998
265.40000000000003,0.531647
265.6,0.5301179999999999
265.8,0.528076
266.00000000000006,0.5257709999999998
266.2,0.5229939999999997
266.40000000000003,0.5217159999999996
266.6,0.5246329999999997
266.8,0.5291259999999998
267.00000000000006,0.5318239999999999
267.2,0.5315249999999998
267.40000000000003,0.5295669999999997
267.6,0.5256159999999999
267.8,0.5208469999999998
268.00000000000006,0.518875
268.2,0.5189939999999997
268.40000000000003,0.5201739999999999
268.6,0.5201889999999998
268.8,0.5211259999999998
269.00000000000006,0.5237789999999998
269.2,0.525722
269.40000000000003,0.528419
269.6,0.5318459999999998
269.8,0.535971
270.00000000000006,0.5360399999999998
270.2,0.5358179999999999
270.40000000000003,0.5354219999999996
270.6,0.5344709999999999
270.8,0.5311009999999996
271.00000000000006,0.5298409999999998
271.2,0.5292529999999998
271.40000000000003,0.5282899999999997
271.6,0.5286299999999997
271.8,0.5320449999999997
272.00000000000006,0.5338609999999999
272.2,0.5352089999999996
272.40000000000003,0.5368619999999997
272.6,0.5374649999999996
272.8,0.5349329999999997
273.00000000000006,0.5325899999999999
273.2,0.529963
273.40000000000003,0.53023
273.6,0.532346
273.8,0.5338239999999996
274.00000000000006,0.5377969999999999
274.2,0.5431759999999999
274.40000000000003,0.5453859999999997
274.6,0.5425829999999996
274.8,0.540327
275.00000000000006,0.5370089999999998
275.2,0.5330819999999998
275.40000000000003,0.5298539999999998
275.6,0.5317759999999998
275.8,0.5349389999999996
276.00000000000006,0.537804
276.2,0.540845
276.40000000000003,0.5419559999999999
276.6,0.5406879999999998
276.8,0.5396259999999997
277.00000000000006,0.5387919999999999
277.2,0.5372119999999998
277.40000000000003,0.535183
277.6,0.5337879999999999
277.8,0.5337549999999998
278.00000000000006,0.5338969999999996
278.2,0.5340389999999999
278.40000000000003,0.5370659999999998
278.6,0.5399849999999997
278.8,0.5423929999999997
279.00000000000006,0.5437159999999999
279.2,0.5455759999999996
279.40000000000003,0.544813
279.6,0.5457619999999999
279.8,0.5441859999999998
280.00000000000006,0.544797
280.2,0.5438709999999998
280.40000000000003,0.5458309999999997
280.6,0.547059
280.8,0.5515949999999998
281.00000000000006,0.5538589999999997
281.2,0.557232
281.40000000000003,0.559618
281.6,0.5604899999999997
281.8,0.558065
282.00000000000006,0.5560539999999996
282.2,0.553391
282.40000000000003,0.5511569999999999
282.6,0.550872
282.8,0.5530579999999996
283.00000000000006,0.5526659999999999
283.2,0.5526459999999997
283.40000000000003,0.5522709999999997
283.6,0.5511049999999997
283.8,0.5484909999999998
284.00000000000006,0.546389
284.2,0.5474929999999998
284.40000000000003,0.5483919999999998
284.6,0.5485159999999998
284.8,0.5494019999999997
285.00000000000006,0.552416
285.2,0.5508959999999998
285.40000000000003,0.5492239999999997
285.6,0.5488039999999996
285.8,0.5503279999999999
286.00000000000006,0.5521389999999999
286.2,0.5550329999999999
286.40000000000003,0.5561989999999999
286.6,0.558541
286.8,0.560003
287.00000000000006,0.5608199999999997
287.2,0.5612729999999999
287.40000000000003,0.5631379999999999
287.6,0.5627359999999997
287.8,0.5590919999999997
288.00000000000006,0.5568659999999999
288.2,0.5552489999999999
288.40000000000003,0.5541459999999998
288.6,0.5535009999999998
288.8,0.555094
289.00000000000006,0.5541489999999998
289.2,0.5535419999999998
289.40000000000003,0.5541479999999996
289.6,0.554074
289.8,0.5521629999999997
290.00000000000006,0.5511659999999998
290.2,0.551523
290.40000000000003,0.5514349999999997
290.6,0.5524879999999999
290.8,0.5542019999999996
291.00000000000006,0.5565389999999999
291.2,0.5591199999999996
291.40000000000003,0.5602299999999998
291.6,0.5603989999999999
291.8,0.561067
292.00000000000006,0.5618529999999997
292.2,0.5613279999999996
292.40000000000003,0.5617729999999996
292.6,0.5626639999999998
292.8,0.5635489999999996
293.00000000000006,0.5630699999999997
293.2,0.5630949999999997
293.40000000000003,0.5627979999999999
293.6,0.5608139999999997
293.8,0.5595479999999999
294.00000000000006,0.5583549999999997
294.2,0.557852
294.40000000000003,0.5572749999999997
294.6,0.5601449999999999
294.8,0.5620079999999996
295.00000000000006,0.5656369999999997
295.2,0.5662969999999996
295.40000000000003,0.5646169999999997
295.6,0.5600939999999999
295.8,0.557887
296.00000000000006,0.5579589999999999
296.2,0.559987
296.40000000000003,0.5622119999999997
296.6,0.5652029999999999
296.8,0.566325
297.00000000000006,0.5658439999999998
297.2,0.5653439999999996
297.40000000000003,0.566967
297.6,0.567161
297.8,0.5676029999999996
298.00000000000006,0.5671439999999999
298.2,0.5664069999999999
298.40000000000003,0.5645349999999998
298.6,0.5648029999999999
298.8,0.565569
299.00000000000006,0.5677439999999998
299.2,0.5687389999999999
299.40000000000003,0.569928
299.6,0.569696
299.7999999999999,0.568668
299.99999999999994,0.5647059999999999
300.1999999999999,0.557498
300.3999999999999,0.551709
300.6,0.5464449999999998
300.7999999999999,0.5428189999999999
300.99999999999994,0.541331
301.1999999999999,0.542764
301.3999999999999,0.539291
301.6,0.535285
301.7999999999999,0.531563
301.99999999999994,0.5277149999999999
302.1999999999999,0.5271599999999999
302.3999999999999,0.527274
302.6,0.526764
302.7999999999999,0.5272299999999999
302.99999999999994,0.5281179999999999
303.1999999999999,0.5237429999999998
303.3999999999999,0.524337
303.6,0.527031
303.7999999999999,0.5273019999999999
303.99999999999994,0.5275729999999998
304.1999999999999,0.5295049999999999
304.3999999999999,0.5278689999999999
304.6,0.523927
304.7999999999999,0.5206009999999999
304.99999999999994,0.5168629999999999
305.1999999999999,0.5141899999999999
305.3999999999999,0.513598
305.6,0.514939
305.7999999999999,0.517387
305.99999999999994,0.519754
306.1999999999999,0.5209889999999999
306.3999999999999,0.521477
306.6,0.520203
306.7999999999999,0.5183039999999999
306.99999999999994,0.5165599999999999
307.1999999999999,0.5168109999999999
307.3999999999999,0.516205
307.6,0.517655
307.7999999999999,0.517917
307.99999999999994,0.51851
308.1999999999999,0.517476
308.3999999999999,0.5185769999999998
308.6,0.518005
308.7999999999999,0.5186739999999999
308.99999999999994,0.5174109999999998
309.1999999999999,0.5142609999999999
309.3999999999999,0.5063219999999999
309.6,0.49871
309.7999999999999,0.4930729999999999
309.99999999999994,0.492232
310.1999999999999,0.4933289999999999
310.3999999999999,0.4972809999999998
310.6,0.500691
310.7999999999999,0.501444
310.99999999999994,0.50071
311.1999999999999,0.4991619999999999
311.3999999999999,0.498132
311.6,0.4970699999999999
311.7999999999999,0.4973559999999999
311.99999999999994,0.4957229999999999
312.1999999999999,0.4948729999999999
312.3999999999999,0.4941009999999999
312.6,0.4947219999999999
312.7999999999999,0.4942919999999999
312.99999999999994,0.4940629999999999
313.1999999999999,0.4937499999999999
313.3999999999999,0.4931079999999999
313.6,0.491597
313.7999999999999,0.491136
313.99999999999994,0.4908079999999999
314.1999999999999,0.490987
314.3999999999999,0.4899849999999999
314.6,0.4910159999999999
314.7999999999999,0.489395
314.99999999999994,0.4867519999999998
315.1999999999999,0.4836689999999999
315.3999999999999,0.483206
315.6,0.4826059999999998
315.7999999999999,0.482645
315.99999999999994,0.4844279999999998
316.1999999999999,0.485263
316.3999999999999,0.4860149999999998
316.6,0.4850909999999999
316.7999999999999,0.4886379999999999
316.99999999999994,0.491808
317.1999999999999,0.4951069999999999
317.3999999999999,0.4948029999999999
317.6,0.4943079999999999
317.7999999999999,0.488251
317.99999999999994,0.4850339999999999
318.1999999999999,0.4806539999999999
318.3999999999999,0.479328
318.6,0.47834
318.7999999999999,0.4803219999999999
318.99999999999994,0.479263
319.1999999999999,0.4792539999999998
319.3999999999999,0.477301
319.6,0.4757689999999999
319.7999999999999,0.47397
319.99999999999994,0.4731879999999999
320.1999999999999,0.473055
320.3999999999999,0.475344
320.6,0.4766109999999999
320.7999999999999,0.477511
320.99999999999994,0.4756389999999999
321.1999999999999,0.4741679999999999
321.3999999999999,0.473187
321.6,0.47391
321.7999999999999,0.474825
321.99999999999994,0.4757199999999999
322.1999999999999,0.4748839999999998
322.3999999999999,0.472855
322.6,0.4698769999999999
322.7999999999999,0.4676609999999999
322.99999999999994,0.4664919999999999
323.1999999999999,0.4679279999999999
323.3999999999999,0.4686479999999999
323.6,0.4688699999999999
323.7999999999999,0.469724
323.99999999999994,0.4720009999999999
324.1999999999999,0.4713399999999998
324.3999999999999,0.4696879999999999
324.6,0.4689449999999999
324.7999999999999,0.4660309999999998
324.99999999999994,0.462285
325.1999999999999,0.4599389999999999
325.3999999999999,0.4573939999999998
325.6,0.4550319999999999
325.7999999999999,0.4551369999999999
325.99999999999994,0.457594
326.1999999999999,0.459457
326.3999999999999,0.4624239999999999
326.6,0.463762
326.7999999999999,0.464223
326.99999999999994,0.4626989999999999
327.1999999999999,0.46187
327.3999999999999,0.4614709999999999
327.6,0.462604
327.7999999999999,0.463047
327.99999999999994,0.4630809999999998
328.1999999999999,0.461657
328.3999999999999,0.4602349999999999
328.6,0.4578899999999999
328.7999999999999,0.457068
328.99999999999994,0.4572009999999999
329.1999999999999,0.4585649999999999
329.3999999999999,0.4584159999999999
329.6,0.460752
329.7999999999999,0.461165
329.99999999999994,0.4611019999999999
330.1999999999999,0.4601389999999998
330.3999999999999,0.4630879999999999
330.6,0.462985
330.7999999999999,0.464785
330.99999999999994,0.464464
331.1999999999999,0.4637609999999998
331.3999999999999,0.4598549999999999
331.6,0.4568569999999998
331.7999999999999,0.4526939999999999
331.99999999999994,0.452118
332.1999999999999,0.453106
332.3999999999999,0.4561839999999999
332.6,0.4601929999999998
332.7999999999999,0.4628109999999998
332.99999999999994,0.463009
333.1999999999999,0.4641679999999999
333.3999999999999,0.463751
333.6,0.4612049999999998
333.7999999999999,0.4604109999999999
333.99999999999994,0.460693
334.1999999999999,0.4609049999999999
334.3999999999999,0.4587399999999999
334.6,0.458833
334.7999999999999,0.456747
334.99999999999994,0.4544379999999999
335.1999999999999,0.452256
335.3999999999999,0.4526079999999999
335.6,0.4530209999999999
335.7999999999999,0.453673
335.99999999999994,0.454188
336.1999999999999,0.452221
336.3999999999999,0.450795
336.6,0.44801
336.7999999999999,0.446693
336.99999999999994,0.448347
337.1999999999999,0.4506619999999999
337.3999999999999,0.4503489999999999
337.6,0.4518899999999999
337.7999999999999,0.452091
337.99999999999994,0.4501679999999999
338.1999999999999,0.448029
338.3999999999999,0.4496099999999998
338.6,0.449821
338.7999999999999,0.4495849999999999
338.99999999999994,0.448229
339.1999999999999,0.448253
339.3999999999999,0.446966
339.6,0.4440949999999999
339.7999999999999,0.4416839999999999
339.99999999999994,0.4395989999999998
340.1999999999999,0.4389589999999999
340.3999999999999,0.4398659999999998
340.6,0.4429639999999999
340.7999999999999,0.4463629999999998
340.99999999999994,0.450518
341.1999999999999,0.4537709999999999
341.3999999999999,0.4554529999999999
341.6,0.455478
341.7999999999999,0.4554669999999998
341.99999999999994,0.4541199999999998
342.1999999999999,0.450844
342.3999999999999,0.446763
342.6,0.444766
342.7999999999999,0.4465079999999999
342.99999999999994,0.4482839999999999
343.1999999999999,0.451427
343.3999999999999,0.4544729999999999
343.6,0.4543619999999999
343.7999999999999,0.4519869999999999
343.99999999999994,0.448185
344.1999999999999,0.443106
344.3999999999999,0.441473
344.6,0.440431
344.7999999999999,0.4406749999999999
344.99999999999994,0.4420359999999999
345.1999999999999,0.4448609999999999
345.3999999999999,0.445079
345.6,0.448442
345.7999999999999,0.451117
345.99999999999994,0.4533859999999998
346.1999999999999,0.45299
346.3999999999999,0.451986
346.6,0.4493529999999999
346.7999999999999,0.446712
346.99999999999994,0.4456849999999999
347.1999999999999,0.4467639999999999
347.3999999999999,0.446569
347.6,0.44641
347.7999999999999,0.4450829999999999
347.99999999999994,0.4423059999999998
348.1999999999999,0.4410179999999999
348.3999999999999,0.442679
348.6,0.444903
348.7999999999999,0.445592
348.99999999999994,0.44588
349.1999999999999,0.4438709999999999
349.3999999999999,0.4420569999999999
349.6,0.4405079999999999
349.7999999999999,0.439133
349.99999999999994,0.4388849999999999
350.1999999999999,0.4402129999999999
350.3999999999999,0.4413099999999998
350.6,0.441462
350.7999999999999,0.4419189999999999
350.99999999999994,0.441511
351.1999999999999,0.4400569999999999
351.3999999999999,0.4406189999999998
351.6,0.440399
351.7999999999999,0.439999
351.99999999999994,0.440971
352.1999999999999,0.442771
352.3999999999999,0.4427349999999999
352.6,0.443046
352.7999999999999,0.445835
352.99999999999994,0.4470509999999998
353.1999999999999,0.44754
353.3999999999999,0.4466759999999998
353.6,0.4471069999999999
353.7999999999999,0.4451369999999999
353.99999999999994,0.4421169999999998
354.1999999999999,0.438871
354.3999999999999,0.4360709999999999
354.6,0.4324599999999998
354.7999999999999,0.4290339999999999
354.99999999999994,0.430331
355.1999999999999,0.433394
355.3999999999999,0.4351239999999998
355.6,0.4349859999999999
355.7999999999999,0.4373769999999999
355.99999999999994,0.437624
356.1999999999999,0.436604
356.3999999999999,0.437341
356.6,0.4377189999999999
356.7999999999999,0.435624
356.99999999999994,0.4352099999999999
357.1999999999999,0.4356069999999998
357.3999999999999,0.4355579999999999
357.6,0.4366459999999998
357.7999999999999,0.4406349999999999
357.99999999999994,0.4415609999999998
358.1999999999999,0.4400969999999999
358.3999999999999,0.438077
358.6,0.4390389999999999
358.7999999999999,0.439413
358.99999999999994,0.4421809999999999
359.1999999999999,0.444525
359.3999999999999,0.447888
359.6,0.4473009999999999
359.7999999999999,0.4449129999999999
359.99999999999994,0.443076
360.1999999999999,0.4408589999999999
360.3999999999999,0.438037
360.6,0.4376599999999999
360.7999999999999,0.4382789999999998
361.0,0.437977
361.1999999999999,0.4399739999999998
361.3999999999999,0.441729
361.6,0.440625
361.7999999999999,0.4389399999999999
362.0,0.4358389999999998
362.1999999999999,0.4337119999999999
362.3999999999999,0.431843
362.6,0.4345409999999998
362.7999999999999,0.4365299999999998
363.0,0.436836
363.1999999999999,0.4339679999999999
363.3999999999999,0.4320789999999999
363.6,0.4299659999999998
363.7999999999999,0.428865
364.0,0.426571
364.1999999999999,0.427206
364.3999999999999,0.4281869999999999
364.6,0.427454
364.7999999999999,0.4255329999999999
365.0,0.4274679999999999
365.1999999999999,0.4302509999999999
365.3999999999999,0.4313529999999999
365.6,0.4324209999999999
365.7999999999999,0.4343409999999998
366.0,0.4335419999999998
366.1999999999999,0.4306029999999998
366.3999999999999,0.429451
366.6,0.4287719999999999
366.7999999999999,0.42988
367.0,0.4308079999999998
367.1999999999999,0.433592
367.3999999999999,0.4316609999999998
367.6,0.431888
367.7999999999999,0.429351
368.0,0.429241
368.1999999999999,0.4277809999999999
368.3999999999999,0.4306269999999998
368.6,0.4295839999999999
368.7999999999999,0.428663
369.0,0.428941
369.1999999999999,0.4293339999999999
369.3999999999999,0.427011
369.6,0.4259869999999999
369.7999999999999,0.4269959999999999
370.0,0.427359
370.1999999999999,0.4265779999999999
370.3999999999999,0.4279429999999999
370.6,0.428506
370.7999999999999,0.4288019999999999
371.0,0.426614
371.1999999999999,0.4250819999999999
371.3999999999999,0.423303
371.6,0.4226079999999999
371.7999999999999,0.4219239999999999
372.0,0.4248529999999999
372.1999999999999,0.426955
372.3999999999999,0.4299409999999999
372.6,0.4325919999999998
372.7999999999999,0.4343949999999998
373.0,0.434517
373.1999999999999,0.436817
373.3999999999999,0.437932
373.6,0.437656
373.7999999999999,0.4346159999999999
374.0,0.4317999999999999
374.1999999999999,0.4298279999999999
374.3999999999999,0.4290639999999999
374.6,0.427789
374.7999999999999,0.427586
375.0,0.4260519999999999
375.1999999999999,0.4253909999999998
375.3999999999999,0.4265109999999998
375.6,0.4285759999999998
375.7999999999999,0.4304569999999998
376.0,0.432177
376.1999999999999,0.4338519999999999
376.3999999999999,0.4323479999999999
376.6,0.432571
376.7999999999999,0.434617
377.0,0.4370769999999999
377.1999999999999,0.4371669999999998
377.3999999999999,0.4354039999999999
377.6,0.4313959999999999
377.7999999999999,0.426639
378.0,0.425761
378.1999999999999,0.4245559999999999
378.3999999999999,0.4263639999999999
378.6,0.43089
378.7999999999999,0.434906
379.0,0.4361889999999999
379.1999999999999,0.4365919999999998
379.3999999999999,0.4367529999999999
379.6,0.434183
379.7999999999999,0.432687
380.0,0.4317579999999998
380.1999999999999,0.4298249999999999
380.3999999999999,0.4292499999999999
380.6,0.4308609999999999
380.7999999999999,0.433937
381.0,0.4323839999999999
381.1999999999999,0.4337139999999999
381.3999999999999,0.433837
381.6,0.431375
381.7999999999999,0.427872
382.0,0.427589
382.1999999999999,0.4259329999999999
382.3999999999999,0.42524
382.6,0.427084
382.7999999999999,0.4279189999999999
383.0,0.429341
383.1999999999999,0.4304159999999999
383.3999999999999,0.4321409999999999
383.6,0.433127
383.7999999999999,0.4329879999999999
384.0,0.431788
384.1999999999999,0.4293879999999999
384.3999999999999,0.4256329999999999
384.6,0.421578
384.7999999999999,0.420838
385.0,0.4192709999999999
385.1999999999999,0.420344
385.3999999999999,0.4200379999999999
385.6,0.4210369999999999
385.7999999999999,0.4207889999999998
386.0,0.423688
386.1999999999999,0.4266299999999998
386.3999999999999,0.4297649999999999
386.6,0.4316169999999999
386.7999999999999,0.4325379999999998
387.0,0.431179
387.1999999999999,0.4302249999999998
387.3999999999999,0.429794
387.6,0.42737
387.7999999999999,0.4248239999999998
388.0,0.424042
388.1999999999999,0.4238949999999999
388.3999999999999,0.4238329999999999
388.6,0.4249859999999998
388.7999999999999,0.426855
389.0,0.4272449999999999
389.1999999999999,0.427635
389.3999999999999,0.424679
389.6,0.423715
389.7999999999999,0.4234149999999999
390.0,0.424323
390.1999999999999,0.4235059999999999
390.3999999999999,0.4262789999999998
390.6,0.4271629999999999
390.7999999999999,0.4263399999999999
391.0,0.425162
391.1999999999999,0.4231799999999999
391.3999999999999,0.4198999999999999
391.6,0.4163289999999999
391.7999999999999,0.414925
392.0,0.414881
392.1999999999999,0.4161809999999999
392.3999999999999,0.4168129999999999
392.6,0.418533
392.7999999999999,0.4205129999999999
393.0,0.4203079999999999
393.1999999999999,0.4200969999999999
393.3999999999999,0.4209129999999998
393.6,0.423519
393.7999999999999,0.4243809999999999
394.0,0.426952
394.1999999999999,0.427273
394.3999999999999,0.4269069999999999
394.6,0.4259889999999999
394.7999999999999,0.426388
395.0,0.425049
395.1999999999999,0.4228589999999999
395.3999999999999,0.4208199999999999
395.6,0.4196299999999999
395.7999999999999,0.418188
396.0,0.416069
396.1999999999999,0.417559
396.3999999999999,0.4215919999999999
396.6,0.422881
396.7999999999999,0.424277
397.0,0.42706
397.1999999999999,0.4273679999999999
397.3999999999999,0.4255659999999999
397.6,0.4226259999999999
397.7999999999999,0.4195739999999999
398.0,0.415108
398.1999999999999,0.4145029999999998
398.3999999999999,0.416868
398.6,0.420209
398.7999999999999,0.420846
399.0,0.421966
399.1999999999999,0.4213819999999999
399.3999999999999,0.418301
399.6,0.416145
399.7999999999999,0.415097
400.0,0.4157849999999998
400.1999999999999,0.4178249999999999
400.3999999999999,0.4200249999999998
400.6,0.4187749999999999
400.7999999999999,0.41768
401.0,0.416611
401.1999999999999,0.4158919999999999
401.3999999999999,0.4151979999999999
401.6,0.416963
401.7999999999999,0.418528
402.0,0.420407
402.1999999999999,0.420244
402.3999999999999,0.4176359999999999
402.6,0.414571
402.7999999999999,0.41201
403.0,0.409869
403.1999999999999,0.407529
403.3999999999999,0.408074
403.6,0.409683
403.7999999999999,0.4112549999999999
404.0,0.4102049999999999
404.1999999999999,0.409513
404.3999999999999,0.409391
404.6,0.4088509999999998
404.7999999999999,0.4087449999999999
405.0,0.4103219999999998
405.1999999999999,0.410128
405.3999999999999,0.40923
405.6,0.412501
405.7999999999999,0.41662
406.0,0.4182159999999999
406.1999999999999,0.419602
406.3999999999999,0.421635
406.6,0.4182129999999999
406.7999999999999,0.4139619999999999
407.0,0.4135769999999998
407.1999999999999,0.416574
407.3999999999999,0.4158379999999999
407.6,0.4159809999999999
407.7999999999999,0.4157929999999998
408.0,0.415678
408.1999999999999,0.413634
408.3999999999999,0.4127689999999999
408.6,0.415702
408.7999999999999,0.417543
409.0,0.4155629999999999
409.1999999999999,0.414684
409.3999999999999,0.4162589999999999
409.6,0.4145239999999999
409.7999999999999,0.4139619999999999
410.0,0.4144339999999999
410.1999999999999,0.4107019999999999
410.3999999999999,0.408109
410.6,0.405694
410.7999999999999,0.4063109999999998
411.0,0.4067659999999999
411.1999999999999,0.4138979999999999
411.3999999999999,0.4168669999999999
411.6,0.4198869999999999
411.7999999999999,0.419505
412.0,0.421977
412.1999999999999,0.4208159999999998
412.3999999999999,0.4208619999999998
412.6,0.421654
412.7999999999999,0.4225099999999999
413.0,0.4184479999999999
413.1999999999999,0.415732
413.3999999999999,0.4125799999999999
413.6,0.4097599999999999
413.7999999999999,0.40737
414.0,0.4089639999999999
414.1999999999999,0.4100709999999998
414.3999999999999,0.411761
414.6,0.412415
414.7999999999999,0.41313
415.0,0.413783
415.1999999999999,0.413958
415.3999999999999,0.4143999999999999
415.6,0.414987
415.7999999999999,0.4146289999999999
416.0,0.414274
416.1999999999999,0.4128779999999998
416.3999999999999,0.413224
416.6,0.412169
416.7999999999999,0.411289
417.0,0.4098009999999998
417.1999999999999,0.4107639999999999
417.3999999999999,0.4097009999999998
417.6,0.410339
417.7999999999999,0.4116229999999998
418.0,0.41245
418.1999999999999,0.4111629999999999
418.3999999999999,0.4115609999999998
418.6,0.4114919999999999
418.7999999999999,0.408396
419.0,0.405024
419.1999999999999,0.4041749999999999
419.3999999999999,0.404547
419.6,0.4050099999999998
419.7999999999999,0.408568
420.0,0.4131309999999999
420.1999999999999,0.4159509999999999
420.3999999999999,0.4161669999999999
420.6,0.4169199999999999
420.7999999999999,0.4141829999999999
421.0,0.4106719999999999
421.1999999999999,0.4081369999999999
421.3999999999999,0.4044459999999998
421.6,0.40144
421.7999999999999,0.403116
422.0,0.4062099999999999
422.1999999999999,0.4079459999999999
422.3999999999999,0.4095959999999998
422.6,0.4089309999999999
422.7999999999999,0.408085
423.0,0.40778
423.1999999999999,0.4081269999999999
423.3999999999999,0.4096979999999999
423.6,0.4138429999999999
423.7999999999999,0.4147579999999999
424.0,0.4150819999999999
424.1999999999999,0.414274
424.3999999999999,0.4150019999999998
424.6,0.4139969999999999
424.7999999999999,0.4157329999999999
425.0,0.415489
425.1999999999999,0.4148589999999998
425.3999999999999,0.414077
425.6,0.415883
425.7999999999999,0.4159239999999999
426.0,0.4157169999999999
426.1999999999999,0.413886
426.3999999999999,0.4113199999999999
426.6,0.4060809999999999
426.7999999999999,0.4043919999999998
427.0,0.4025369999999999
427.1999999999999,0.405853
427.3999999999999,0.408144
427.6,0.409777
427.7999999999999,0.408547
428.0,0.408428
428.1999999999999,0.404754
428.3999999999999,0.4029419999999999
428.6,0.4038999999999999
428.7999999999999,0.4071339999999999
429.0,0.4115609999999998
429.1999999999999,0.417105
429.3999999999999,0.4193069999999999
429.6,0.419729
429.7999999999999,0.420517
430.0,0.4177079999999999
430.1999999999999,0.4131089999999999
430.3999999999999,0.409321
430.6,0.408258
430.7999999999999,0.4068779999999998
431.0,0.4063349999999999
431.1999999999999,0.4069369999999999
431.3999999999999,0.4084569999999998
431.6,0.409497
431.7999999999999,0.4092609999999999
432.0,0.4091879999999999
432.1999999999999,0.408182
432.3999999999999,0.4081919999999999
432.6,0.4060349999999999
432.7999999999999,0.406455
433.0,0.408449
433.1999999999999,0.411346
433.3999999999999,0.413437
433.6,0.4143969999999999
433.7999999999999,0.4123289999999999
434.0,0.4074919999999999
434.1999999999999,0.4046259999999999
434.3999999999999,0.4018009999999998
434.6,0.4033249999999999
434.7999999999999,0.405772
435.0,0.4101209999999999
435.1999999999999,0.4117649999999999
435.3999999999999,0.4132929999999999
435.6,0.41232
435.7999999999999,0.4104909999999999
436.0,0.4085399999999999
436.1999999999999,0.4062369999999999
436.3999999999999,0.405086
436.6,0.4031679999999999
436.7999999999999,0.400484
437.0,0.3978539999999999
437.1999999999999,0.398754
437.3999999999999,0.4014359999999999
437.6,0.4029119999999999
437.7999999999999,0.4052169999999999
438.0,0.4095009999999999
438.1999999999999,0.4139869999999999
438.3999999999999,0.4135
438.6,0.4119669999999999
438.7999999999999,0.411087
439.0,0.4092609999999999
439.1999999999999,0.406504
439.3999999999999,0.4065109999999998
439.6,0.408825
439.7999999999999,0.4106099999999999
440.0,0.4131719999999999
440.1999999999999,0.4134709999999999
440.3999999999999,0.411243
440.6,0.4097889999999999
440.7999999999999,0.4099399999999999
441.0,0.409332
441.1999999999999,0.409675
441.3999999999999,0.411297
441.6,0.412792
441.7999999999999,0.4110209999999998
442.0,0.409022
442.1999999999999,0.4069
442.3999999999999,0.4044399999999999
442.6,0.3997489999999999
442.7999999999999,0.397947
443.0,0.3962369999999999
443.1999999999999,0.3946769999999999
443.3999999999999,0.396085
443.6,0.401014
443.7999999999999,0.4059699999999999
444.0,0.4119349999999999
444.1999999999999,0.416782
444.3999999999999,0.4171289999999998
444.6,0.4159979999999998
444.7999999999999,0.4129579999999999
445.0,0.4090879999999999
445.1999999999999,0.405437
445.3999999999999,0.4048309999999999
445.6,0.405845
445.7999999999999,0.4077789999999999
446.0,0.4105459999999998
446.1999999999999,0.413842
446.3999999999999,0.4136659999999998
446.6,0.410795
446.7999999999999,0.4084589999999999
447.0,0.404261
447.1999999999999,0.3991709999999999
447.3999999999999,0.3991259999999998
447.6,0.40032
447.7999999999999,0.40161
448.0,0.4010499999999999
448.1999999999999,0.4017119999999998
448.3999999999999,0.4010719999999999
448.6,0.4000889999999999
448.7999999999999,0.3988359999999999
449.0,0.3991949999999999
449.1999999999999,0.4001569999999999
449.3999999999999,0.400536
449.6,0.400784
449.7999999999999,0.401019
450.0,0.401154
450.1999999999999,0.401016
450.3999999999999,0.399186
450.6,0.3974769999999998
450.7999999999999,0.3975659999999998
451.0,0.3975229999999998
451.1999999999999,0.398657
451.3999999999999,0.401481
451.6,0.403955
451.7999999999999,0.4018239999999999
452.0,0.400341
452.1999999999999,0.399046
452.3999999999999,0.399399
452.6,0.4004459999999998
452.7999999999999,0.4017649999999999
453.0,0.4014119999999999
453.1999999999999,0.3999629999999998
453.3999999999999,0.3991019999999998
453.6,0.396887
453.7999999999999,0.3968259999999999
454.0,0.40276
454.1999999999999,0.4079809999999999
454.3999999999999,0.410074
454.6,0.4119999999999999
454.7999999999999,0.4153099999999998
455.0,0.414852
455.1999999999999,0.411691
455.3999999999999,0.408528
455.6,0.4066079999999998
455.7999999999999,0.4038029999999999
456.0,0.399535
456.1999999999999,0.400422
456.3999999999999,0.401454
456.6,0.4034759999999999
456.7999999999999,0.4057059999999999
457.0,0.4078649999999999
457.1999999999999,0.4077969999999999
457.3999999999999,0.4064939999999999
457.6,0.4035819999999999
457.7999999999999,0.3999729999999999
458.0,0.398431
458.1999999999999,0.39679
458.3999999999999,0.3976759999999999
458.6,0.401283
458.7999999999999,0.404814
459.0,0.4074579999999999
459.1999999999999,0.4095339999999998
459.3999999999999,0.4107989999999999
459.6,0.409893
459.7999999999999,0.407645
460.0,0.4041369999999999
460.1999999999999,0.4012849999999999
460.3999999999999,0.3974359999999999
460.6,0.3967
460.7999999999999,0.397912
461.0,0.3997659999999998
461.1999999999999,0.4023179999999999
461.3999999999999,0.4064129999999999
461.6,0.407591
461.7999999999999,0.407337
462.0,0.406639
462.1999999999999,0.404142
462.3999999999999,0.4002379999999998
462.6,0.3967669999999998
462.7999999999999,0.3941299999999998
463.0,0.3929989999999999
463.1999999999999,0.3924719999999999
463.3999999999999,0.392927
463.6,0.394209
463.7999999999999,0.396763
464.0,0.398582
464.1999999999999,0.399758
464.3999999999999,0.400263
464.6,0.3998329999999999
464.7999999999999,0.398125
465.0,0.3974759999999999
465.1999999999999,0.4001079999999999
465.3999999999999,0.4022729999999999
465.6,0.4042779999999999
465.7999999999999,0.406136
466.0,0.4057219999999999
466.1999999999999,0.4040219999999999
466.3999999999999,0.4041349999999999
466.6,0.403027
466.7999999999999,0.4010899999999999
467.0,0.4021269999999999
467.1999999999999,0.401548
467.3999999999999,0.3982459999999999
467.6,0.3984479999999999
467.7999999999999,0.39846
468.0,0.396398
468.1999999999999,0.395343
468.3999999999999,0.395346
468.6,0.3933599999999999
468.7999999999999,0.392787
469.0,0.3935109999999999
469.1999999999999,0.3926579999999999
469.3999999999999,0.396072
469.6,0.3982809999999999
469.7999999999999,0.3973649999999999
470.0,0.397481
470.1999999999999,0.4017649999999999
470.3999999999999,0.401799
470.6,0.40022
470.7999999999999,0.4011959999999999
471.0,0.399923
471.1999999999999,0.397065
471.3999999999999,0.396171
471.6,0.3977549999999998
471.7999999999999,0.398579
472.0,0.399332
472.1999999999999,0.39812
472.3999999999999,0.3944729999999998
472.6,0.391483
472.7999999999999,0.3920369999999999
473.0,0.394884
473.1999999999999,0.399189
473.3999999999999,0.4001829999999999
473.6,0.402309
473.7999999999999,0.4024259999999999
474.0,0.401162
474.1999999999999,0.3987009999999999
474.3999999999999,0.400835
474.6,0.399694
474.7999999999999,0.396765
475.0,0.3942109999999998
475.1999999999999,0.3939809999999999
475.3999999999999,0.394069
475.6,0.3954469999999999
475.7999999999999,0.3978809999999999
476.0,0.3999459999999999
476.1999999999999,0.4000239999999999
476.3999999999999,0.3997929999999998
476.6,0.4008499999999999
476.7999999999999,0.4000169999999998
477.0,0.4007289999999999
477.1999999999999,0.4008419999999999
477.3999999999999,0.4014229999999998
477.6,0.398925
477.7999999999999,0.4001269999999999
478.0,0.3975279999999999
478.1999999999999,0.396204
478.3999999999999,0.3950329999999999
478.6,0.3965619999999998
478.7999999999999,0.3972249999999999
479.0,0.4004339999999999
479.1999999999999,0.4025969999999998
479.3999999999999,0.404144
479.6,0.4020019999999999
479.7999999999999,0.3993919999999999
480.0,0.3992249999999999
480.1999999999999,0.399847
480.3999999999999,0.3998329999999999
480.6,0.401656
480.7999999999999,0.4019899999999998
481.0,0.4019459999999999
481.1999999999999,0.4018359999999998
481.3999999999999,0.4039159999999999
481.6,0.4061539999999999
481.7999999999999,0.4090929999999999
482.0,0.4091009999999999
482.1999999999999,0.4079349999999999
482.3999999999999,0.404803
482.6,0.401418
482.7999999999999,0.398455
483.0,0.3977789999999999
483.1999999999999,0.398903
483.3999999999999,0.4008099999999999
483.6,0.4040169999999998
483.7999999999999,0.406314
484.0,0.4057969999999999
484.1999999999999,0.4031549999999999
484.3999999999999,0.3997519999999999
484.6,0.3978059999999999
484.7999999999999,0.394668
485.0,0.392198
485.1999999999999,0.3921939999999999
485.3999999999999,0.395356
485.6,0.395122
485.7999999999999,0.394798
486.0,0.3944729999999998
486.1999999999999,0.3953769999999998
486.3999999999999,0.392754
486.6,0.390536
486.7999999999999,0.390994
487.0,0.3923239999999999
487.1999999999999,0.391148
487.3999999999999,0.3912529999999998
487.6,0.3933769999999998
487.7999999999999,0.3954709999999999
488.0,0.3947449999999999
488.1999999999999,0.394188
488.3999999999999,0.3916659999999998
488.6,0.3900589999999999
488.7999999999999,0.389364
489.0,0.390881
489.1999999999999,0.392039
489.3999999999999,0.39449
489.6,0.3947429999999998
489.7999999999999,0.3937889999999999
490.0,0.393543
490.1999999999999,0.3920079999999999
490.3999999999999,0.3939519999999998
490.6,0.3957949999999999
490.7999999999999,0.39578
491.0,0.3950179999999998
491.1999999999999,0.3942969999999999
491.3999999999999,0.3896619999999999
491.6,0.38605
491.7999999999999,0.3859519999999998
492.0,0.385729
492.1999999999999,0.3862749999999999
492.3999999999999,0.3883129999999999
492.6,0.3915649999999999
492.7999999999999,0.3912259999999998
493.0,0.389726
493.1999999999999,0.3889249999999999
493.3999999999999,0.388028
493.6,0.3868549999999999
493.7999999999999,0.388339
494.0,0.3925209999999999
494.1999999999999,0.395953
494.3999999999999,0.397955
494.6,0.3977699999999999
494.7999999999999,0.3959139999999999
495.0,0.3918139999999999
495.1999999999999,0.3866199999999999
495.3999999999999,0.383267
495.6,0.381497
495.7999999999999,0.381016
496.0,0.3832439999999999
496.1999999999999,0.387251
496.3999999999999,0.3894819999999999
496.6,0.389912
496.7999999999999,0.3899239999999999
497.0,0.389289
497.1999999999999,0.389945
497.3999999999999,0.3908099999999999
497.6,0.391
497.7999999999999,0.39127
498.0,0.393062
498.1999999999999,0.394444
498.3999999999999,0.3940949999999998
498.6,0.3961919999999999
498.7999999999999,0.39656
499.0,0.3946479999999999
499.1999999999999,0.3916629999999999
499.3999999999999,0.392514
499.6,0.3940299999999999
499.7999999999999,0.3954009999999999
500.0,0.3971149999999999
500.1999999999999,0.398952
500.3999999999999,0.3990099999999998
500.6,0.398484
500.7999999999999,0.3979759999999999
501.0,0.3968499999999999
501.1999999999999,0.3956439999999999
501.3999999999999,0.393661
501.6,0.3882049999999999
501.7999999999999,0.3853599999999999
502.0,0.3837859999999999
502.1999999999999,0.382787
502.3999999999999,0.3825799999999999
502.6,0.384614
502.7999999999999,0.3870909999999998
503.0,0.389237
503.1999999999999,0.3913709999999999
503.3999999999999,0.3934769999999998
503.6,0.395637
503.7999999999999,0.3959059999999998
504.0,0.3943019999999999
504.1999999999999,0.3934249999999999
504.3999999999999,0.393143
504.6,0.391151
504.7999999999999,0.3899859999999999
505.0,0.389524
505.1999999999999,0.3883109999999998
505.3999999999999,0.3862889999999999
505.6,0.387353
505.7999999999999,0.387224
506.0,0.3876089999999998
506.1999999999999,0.3867149999999999
506.3999999999999,0.3879139999999998
506.6,0.3868229999999999
506.7999999999999,0.3858489999999999
507.0,0.3823729999999998
507.1999999999999,0.381221
507.3999999999999,0.3810059999999999
507.6,0.381556
507.7999999999999,0.3843699999999999
508.0,0.387521
508.1999999999999,0.3897079999999999
508.3999999999999,0.3887289999999999
508.6,0.3886779999999998
508.7999999999999,0.3861939999999999
509.0,0.3854439999999999
509.1999999999999,0.3847499999999999
509.3999999999999,0.386484
509.6,0.388679
509.7999999999999,0.390517
510.0,0.390293
510.1999999999999,0.3891789999999999
510.3999999999999,0.3838299999999999
510.6,0.378789
510.7999999999999,0.3754439999999999
511.0,0.3774409999999999
511.1999999999998,0.3797699999999999
511.3999999999999,0.3841669999999999
511.5999999999999,0.3869069999999999
511.8,0.39022
512.0,0.3891489999999999
512.1999999999998,0.3888339999999999
512.3999999999999,0.3884849999999999
512.5999999999999,0.3906479999999999
512.8,0.3918029999999999
513.0,0.3921559999999999
513.1999999999998,0.3922299999999998
513.3999999999999,0.3919789999999998
513.5999999999999,0.391035
513.8,0.3888989999999999
514.0,0.3878489999999999
514.1999999999998,0.387005
514.3999999999999,0.3876999999999999
514.5999999999999,0.3866609999999999
514.8,0.387864
515.0,0.3878269999999999
515.1999999999998,0.3859859999999999
515.3999999999999,0.384943
515.5999999999999,0.3861129999999999
515.8,0.3872769999999998
516.0,0.388028
516.1999999999998,0.388879
516.3999999999999,0.386711
516.5999999999999,0.3829749999999998
516.8,0.380331
517.0,0.380368
517.1999999999998,0.3810489999999999
517.3999999999999,0.3827799999999999
517.5999999999999,0.3851989999999998
517.8,0.3851219999999999
518.0,0.3844769999999999
518.1999999999998,0.3849849999999999
518.3999999999999,0.3859589999999999
518.5999999999999,0.3867339999999999
518.8,0.38717
519.0,0.388393
519.1999999999998,0.389097
519.3999999999999,0.388242
519.5999999999999,0.385669
519.8,0.3844689999999999
520.0,0.3844559999999999
520.1999999999998,0.3824229999999999
520.3999999999999,0.3814459999999999
520.5999999999999,0.380417
520.8,0.379588
521.0,0.3771229999999999
521.1999999999998,0.3765779999999998
521.3999999999999,0.377119
521.5999999999999,0.3803099999999999
521.8,0.3831039999999999
522.0,0.3842919999999998
522.1999999999998,0.3839969999999999
522.3999999999999,0.3842719999999999
522.5999999999999,0.3845529999999999
522.8,0.3842509999999999
523.0,0.3838319999999999
523.1999999999998,0.3836789999999999
523.3999999999999,0.384865
523.5999999999999,0.3838169999999998
523.8,0.383035
524.0,0.382436
524.1999999999998,0.383173
524.3999999999999,0.3813029999999999
524.5999999999999,0.381424
524.8,0.3819379999999999
525.0,0.3843479999999999
525.1999999999998,0.386582
525.3999999999999,0.3882209999999999
525.5999999999999,0.3873329999999999
525.8,0.3839569999999999
526.0,0.3798919999999999
526.1999999999998,0.3787899999999999
526.3999999999999,0.378365
526.5999999999999,0.3797059999999999
526.8,0.3828449999999999
527.0,0.3861449999999999
527.1999999999998,0.386107
527.3999999999999,0.385883
527.5999999999999,0.3838919999999999
527.8,0.3820289999999999
528.0,0.381305
528.1999999999998,0.3807369999999999
528.3999999999999,0.3807469999999999
528.5999999999999,0.3819299999999999
528.8,0.3818619999999999
529.0,0.3816379999999999
529.1999999999998,0.384009
529.3999999999999,0.386112
529.5999999999999,0.3873149999999998
529.8,0.388644
530.0,0.388803
530.1999999999998,0.3839939999999999
530.3999999999999,0.381083
530.5999999999999,0.3780409999999998
530.8,0.3804609999999999
531.0,0.3819329999999998
531.1999999999998,0.3866239999999998
531.3999999999999,0.3891519999999999
531.5999999999999,0.3917759999999999
531.8,0.388268
532.0,0.3855489999999999
532.1999999999998,0.3827579999999999
532.3999999999999,0.381208
532.5999999999999,0.381588
532.8,0.3815929999999998
533.0,0.381688
533.1999999999998,0.38067
533.3999999999999,0.380352
533.5999999999999,0.3773389999999998
533.8,0.3799919999999999
534.0,0.3824239999999999
534.1999999999998,0.386857
534.3999999999999,0.3890599999999999
534.5999999999999,0.390987
534.8,0.3881239999999999
535.0,0.3860569999999999
535.1999999999998,0.384015
535.3999999999999,0.3828149999999999
535.5999999999999,0.3836219999999999
535.8,0.384406
536.0,0.383772
536.1999999999998,0.3835889999999999
536.3999999999999,0.3835059999999999
536.5999999999999,0.382557
536.8,0.380887
537.0,0.3814189999999999
537.1999999999998,0.3812139999999999
537.3999999999999,0.380854
537.5999999999999,0.37951
537.8,0.381847
538.0,0.3821159999999999
538.1999999999998,0.382398
538.3999999999999,0.3813869999999999
538.5999999999999,0.3834729999999999
538.8,0.3824749999999999
539.0,0.383356
539.1999999999998,0.385173
539.3999999999999,0.3874199999999999
539.5999999999999,0.3860459999999999
539.8,0.3872029999999999
540.0,0.386619
540.1999999999998,0.3840349999999999
540.3999999999999,0.3835189999999999
540.5999999999999,0.385783
540.8,0.386336
541.0,0.3882069999999999
541.1999999999998,0.3905479999999999
541.3999999999999,0.389588
541.5999999999999,0.3876059999999999
541.8,0.3859939999999999
542.0,0.384233
542.1999999999998,0.381013
542.3999999999999,0.3784659999999999
542.5999999999999,0.378169
542.8,0.379775
543.0,0.3798589999999999
543.1999999999998,0.378217
543.3999999999999,0.377888
543.5999999999999,0.375019
543.8,0.372503
544.0,0.373008
544.1999999999998,0.378231
544.3999999999999,0.3836999999999999
544.5999999999999,0.3895119999999998
544.8,0.3931469999999999
545.0,0.395192
545.1999999999998,0.3926719999999999
545.3999999999999,0.388563
545.5999999999999,0.384784
545.8,0.3813579999999998
546.0,0.3795029999999999
546.1999999999998,0.380371
546.3999999999999,0.3829559999999998
546.5999999999999,0.3863859999999999
546.8,0.389801
547.0,0.3896979999999999
547.1999999999998,0.38738
547.3999999999999,0.3848119999999999
547.5999999999999,0.3824689999999999
547.8,0.380347
548.0,0.381108
548.1999999999998,0.383327
548.3999999999999,0.3841099999999999
548.5999999999999,0.3819399999999999
548.8,0.379993
549.0,0.378609
549.1999999999998,0.379475
549.3999999999999,0.3803499999999999
549.5999999999999,0.381094
549.8,0.380965
550.0,0.380422
550.1999999999998,0.3796569999999999
550.3999999999999,0.379089
550.5999999999999,0.381192
550.8,0.3825309999999999
551.0,0.3809609999999999
551.1999999999998,0.377494
551.3999999999999,0.3737729999999999
551.5999999999999,0.370657
551.8,0.3685369999999999
552.0,0.370406
552.1999999999998,0.3725279999999999
552.3999999999999,0.3757269999999999
552.5999999999999,0.3772659999999999
552.8,0.3782369999999999
553.0,0.376687
553.1999999999998,0.37494
553.3999999999999,0.372314
553.5999999999999,0.3708959999999999
553.8,0.371118
554.0,0.371828
554.1999999999998,0.3756459999999999
554.3999999999999,0.3794709999999999
554.5999999999999,0.3826479999999999
554.8,0.383804
555.0,0.3826559999999999
555.1999999999998,0.37754
555.3999999999999,0.3739299999999999
555.5999999999999,0.371707
555.8,0.3718319999999999
556.0,0.3731579999999999
556.1999999999998,0.3736249999999999
556.3999999999999,0.375917
556.5999999999999,0.377621
556.8,0.3779489999999998
557.0,0.3786129999999998
557.1999999999998,0.380654
557.3999999999999,0.3807639999999999
557.5999999999999,0.3793729999999999
557.8,0.3803379999999998
558.0,0.382123
558.1999999999998,0.382752
558.3999999999999,0.381899
558.5999999999999,0.381947
558.8,0.378711
559.0,0.375783
559.1999999999998,0.3765319999999998
559.3999999999999,0.3763609999999999
559.5999999999999,0.3752229999999998
559.8,0.373637
560.0,0.374481
560.1999999999998,0.3760079999999999
560.3999999999999,0.3790449999999998
560.5999999999999,0.3813499999999998
560.8,0.382962
561.0,0.3804499999999999
561.1999999999998,0.375548
561.3999999999999,0.3714809999999999
561.5999999999999,0.371173
561.8,0.372365
562.0,0.374344
562.1999999999998,0.375083
562.3999999999999,0.3782889999999999
562.5999999999999,0.377469
562.8,0.376992
563.0,0.3763999999999998
563.1999999999998,0.377416
563.3999999999999,0.3755539999999999
563.5999999999999,0.376886
563.8,0.3770499999999999
564.0,0.378706
564.1999999999998,0.379162
564.3999999999999,0.3795809999999999
564.5999999999999,0.3795029999999999
564.8,0.3793059999999999
565.0,0.3787389999999999
565.1999999999998,0.380155
565.3999999999999,0.3824419999999999
565.5999999999999,0.3820719999999999
565.8,0.3826339999999999
566.0,0.3807469999999999
566.1999999999998,0.3775819999999998
566.3999999999999,0.3742639999999999
566.5999999999999,0.3750249999999999
566.8,0.3754029999999999
567.0,0.3766419999999999
567.1999999999998,0.3767549999999999
567.3999999999999,0.3777399999999999
567.5999999999999,0.3777109999999999
567.8,0.3796009999999998
568.0,0.3832579999999999
568.1999999999998,0.387251
568.3999999999999,0.3886289999999999
568.5999999999999,0.3854059999999999
568.8,0.3795169999999999
569.0,0.374797
569.1999999999998,0.371831
569.3999999999999,0.369113
569.5999999999999,0.3696969999999999
569.8,0.370749
570.0,0.3701239999999999
570.1999999999998,0.3706929999999999
570.3999999999999,0.3727149999999999
570.5999999999999,0.373863
570.8,0.3747289999999998
571.0,0.3747769999999999
571.1999999999998,0.3726929999999999
571.3999999999999,0.370095
571.5999999999999,0.3683049999999999
571.8,0.367518
572.0,0.3687479999999998
572.1999999999998,0.3701889999999999
572.3999999999999,0.371048
572.5999999999999,0.370859
572.8,0.374031
572.9999999999998,0.374271
573.1999999999998,0.3734519999999999
573.3999999999999,0.37212
573.5999999999999,0.3755199999999998
573.8,0.37687
573.9999999999998,0.3793599999999999
574.1999999999998,0.380511
574.3999999999999,0.3826529999999999
574.5999999999999,0.381594
574.8,0.379453
574.9999999999998,0.3763559999999999
575.1999999999998,0.3751899999999999
575.3999999999999,0.3741939999999999
575.5999999999999,0.37331
575.8,0.37219
575.9999999999998,0.3702229999999999
576.1999999999998,0.3677839999999999
576.3999999999999,0.367232
576.5999999999999,0.3671
576.8,0.368166
576.9999999999998,0.369491
577.1999999999998,0.3723699999999998
577.3999999999999,0.374195
577.5999999999999,0.3749369999999998
577.8,0.3749769999999999
577.9999999999998,0.3774869999999999
578.1999999999998,0.3783829999999999
578.3999999999999,0.37812
578.5999999999999,0.3762289999999999
578.8,0.3767229999999999
578.9999999999998,0.3766099999999999
579.1999999999998,0.374913
579.3999999999999,0.3712459999999999
579.5999999999999,0.369923
579.8,0.3688979999999999
579.9999999999998,0.367091
580.1999999999998,0.3670489999999999
580.3999999999999,0.3682379999999998
580.5999999999999,0.3684349999999998
580.8,0.3680619999999999
580.9999999999998,0.3673919999999999
581.1999999999998,0.3677109999999999
581.3999999999999,0.369445
581.5999999999999,0.3699379999999999
581.8,0.367648
581.9999999999998,0.368203
582.1999999999998,0.367815
582.3999999999999,0.368265
582.5999999999999,0.370913
582.8,0.3705389999999999
582.9999999999998,0.3653919999999999
583.1999999999998,0.3624879999999999
583.3999999999999,0.359259
583.5999999999999,0.355968
583.8,0.3561989999999999
583.9999999999998,0.360881
584.1999999999998,0.3638059999999998
584.3999999999999,0.3673089999999999
584.5999999999999,0.3701509999999999
584.8,0.371877
584.9999999999998,0.3708329999999999
585.1999999999998,0.3725579999999999
585.3999999999999,0.3721209999999999
585.5999999999999,0.3715349999999999
585.8,0.3712219999999999
585.9999999999998,0.3704339999999999
586.1999999999998,0.3660809999999999
586.3999999999999,0.3614089999999998
586.5999999999999,0.3589489999999999
586.8,0.3578029999999998
586.9999999999998,0.3595459999999999
587.1999999999998,0.363369
587.3999999999999,0.3683909999999999
587.5999999999999,0.3699999999999999
587.8,0.3712
587.9999999999998,0.3692659999999998
588.1999999999998,0.367421
588.3999999999999,0.3663289999999999
588.5999999999999,0.3651899999999999
588.8,0.363539
588.9999999999998,0.366096
589.1999999999998,0.368876
589.3999999999999,0.371561
589.5999999999999,0.3733389999999998
589.8,0.377672
589.9999999999998,0.3794309999999998
590.1999999999998,0.3802859999999999
590.3999999999999,0.3788979999999999
590.5999999999999,0.3798349999999999
590.8,0.378638
590.9999999999998,0.378317
591.1999999999998,0.3756459999999999
591.3999999999999,0.3748869999999999
591.5999999999999,0.373356
591.8,0.3720569999999998
591.9999999999998,0.3707559999999998
592.1999999999998,0.3713189999999999
592.3999999999999,0.3711519999999999
592.5999999999999,0.3715029999999999
592.8,0.3730769999999999
592.9999999999998,0.3736399999999999
593.1999999999998,0.374884
593.3999999999999,0.3735509999999999
593.5999999999999,0.3720379999999998
593.8,0.369453
593.9999999999998,0.3701649999999998
594.1999999999998,0.370913
594.3999999999999,0.3736939999999999
594.5999999999999,0.3765339999999999
594.8,0.3790549999999999
594.9999999999998,0.3783699999999999
595.1999999999998,0.376525
595.3999999999999,0.3747049999999998
595.5999999999999,0.3730659999999999
595.8,0.371817
595.9999999999998,0.3707259999999999
596.1999999999998,0.3690249999999999
596.3999999999999,0.3687799999999999
596.5999999999999,0.3682269999999998
596.8,0.3685399999999998
596.9999999999998,0.3687979999999999
597.1999999999998,0.369205
597.3999999999999,0.368255
597.5999999999999,0.3702769999999999
597.8,0.370492
597.9999999999998,0.3720449999999999
598.1999999999998,0.3731629999999999
